Drug name,UC1 (Drug name),Product Synonym,Route,UC2 (Route),Dose Form,UC3 (Form),Drug Name Details (Optional),UC4 (Drug Name Details),Active ingredients,UC5 (Active Ingredients),Brand,UC6 (Brand),Strength,UC7 (Strength),Unit of Presentation,UC8 (Units),Immediate Packaging,UC9 (Immediate Packaging),Pack Size,UC10 (Pack Size),RxNav,WHO EML Product,WHO EML Item,NZULM,NZULM item,UNSPSC,ignore this column -- feedback for team
COVID-19 vaccine (inactivated virus),b1ab0664f,,Intramuscular,f3664828e,Injection (suspension),fcaed62ec,,,Vero cell,9eea0ae0e,Sinovac,4f332930c,Undefined,ef4e1d913,0.5 ml,14ec334e5,,,,,,,,,,,
COVID-19 vaccine (inactivated virus),b1ab0664f,,Intramuscular,f3664828e,Injection (suspension),fcaed62ec,,,BBIBP-CorV,7b4668493,Sinopharm Beijing,9172e1de4,Undefined,d83f1b068,0.5 ml,a6ea839b7,Pre-filled syringe,149c11856,1 dose,1f495d5c3,,,,,,,
COVID-19 vaccine (mRNA-CV),11c672231,,Intramuscular,a52316e87,Injection (suspension - ready to use),6790999b6,,,Tozinameran (BNT162b2),6ka0a68rq,Pfizer/BioNTech,08f782bf5,225 microgram (30 microgram),zg10c351j,2.25 ml (0.3ml),95b89q2y5,Vial,f9a4402d4,6 doses,31y89s2a5,,,,,,,
COVID-19 vaccine (mRNA-CV),11c672231,,Intramuscular,a52316e87,Injection (suspension - dilute to use),767c30e71,,,Tozinameran (BNT162b2),5g90ah84d,Pfizer/BioNTech,d33ccdcfc,65 microgram (10 microgram),yf09b240h,1.3 ml (0.2ml),94a88r1z4,Vial,124dabdc2,10 doses (Orange Cap),30x88r1z4,2468231,,,,,,
COVID-19 vaccine (mRNA-CV),11c672231,,Intramuscular,a52316e87,Injection (suspension),235c18bc5,,,Tozinameran (BNT162b2),d4b6cb716,Pfizer/BioNTech,f1c5013d1,0.1 mg per ml,3fd9b240c,0.45 ml,54c8891b4,Vial,5ec96b214,6 doses,ada637fd6,2468231,,,4.74072E+16,4.74072E+16,,
COVID-19 vaccine (mRNA-CV),11c672231,,Intramuscular,a52316e87,Injection (suspension),235c18bc5,,,mRNA-1273,2f99e94d1,Moderna,8915351c1,0.2 mg per ml,cc578c833,5 ml,765b31d17,Vial,be5ac1c73,11 doses,78a1ad526,2468231,,,,,,
COVID-19 vaccine (mRNA-CV),11c672231,,Intramuscular,a52316e87,Injection (suspension),235c18bc5,,,mRNA-1273,2f99e94d1,Moderna,8915351c1,0.2 mg per ml,cc578c833,7.5 ml,bbc37dc67,Vial,3694a9911,15 doses,c56b7b834,2468231,,,,,,
COVID-19 vaccine (viral vector),3ab9c2c3e,,Intramuscular,ca6b457e2,Injection (suspension),8ea7a1bb7,,,AZD1222 (ChAdOX1-S),a60328624,AstraZeneca,bb2f3aa59,1 x 10^11 vp per mL,1d2ae3ed7,4 ml,b9ec893e5,Vial,e4ad4604f,8 doses,8b75169b9,2479831,,,,,,
COVID-19 vaccine (viral vector),3ab9c2c3e,,Intramuscular,ca6b457e2,Injection (suspension),8ea7a1bb7,,,AZD1222 (ChAdOX1-S),a60328624,AstraZeneca,bb2f3aa59,1 x 10^11 vp per mL,1d2ae3ed7,5 ml,99cbab488,Vial,b9948cd18,10 doses,ac6cbab3c,2479831,,,,,,
COVID-19 vaccine (viral vector),3ab9c2c3e,,Intramuscular,ca6b457e2,Injection (suspension),8ea7a1bb7,,,Gam-COVID-Vac,85d44350b,Sputnik V,4db03cca2,2 x 10^11 vp per mL,8465f8970,3 ml,54c566d6b,Vial,8c1615989,5 doses,14ec334e4,2479831,,,,,,
COVID-19 vaccine (viral vector),3ab9c2c3e,,Intramuscular,ca6b457e2,Injection (suspension),8ea7a1bb7,,,Undefined,74d966d9e,Undefined,6500e55cc,1 x 10^11 vp per mL,4bdc32026,2.5 ml,62a23619b,Vial,617a76ef9,5 doses,4bacb5cbd,2479831,,,,,,
Diphtheria/Tetanus Vaccine,4e6a681d,DT,Intramuscular,55549b499,Injection (suspension),fe4cc6977,,,Diphtheria toxoid + tetanus toxoid,0dadbdc6e,ADT,ff55d090d,2 IU/20 IU,2f39a2abc,0.5 ml,43858641a,Pre-filled syringe,3d2698b25,,,1007589,19.3,19.3,20031481000116109,10019601000116109,51201629,
Diphtheria/Tetanus Vaccine,4e6a681d,DT,Intramuscular,55549b499,Injection (suspension),fe4cc6977,,,Diphtheria toxoid + tetanus toxoid,0dadbdc6e,Undefined,9444a3372,30 IU/40 IU,f9467177e,0.5 ml,58d696122,Ampoule,0ce43e365,,,1007589,19.3,19.3,20031481000116109,,51201629,
Diphtheria/Tetanus Vaccine,4e6a681d,DT,Intramuscular,55549b499,Injection (suspension),fe4cc6977,,,Diphtheria toxoid + tetanus toxoid,0dadbdc6e,Undefined,9444a3372,30 IU/40 IU,f9467177e,10 ml,f81954a66,Vial,4e7b63987,20 doses,c4198a592,1007589,19.3,19.3,20031481000116109,,51201629,
Diphtheria/Tetanus Vaccine,4e6a681d,DT,Intramuscular,55549b499,Injection (suspension),fe4cc6977,,,Diphtheria toxoid + tetanus toxoid,0dadbdc6e,Undefined,9444a3372,30 IU/40 IU,f9467177e,5 ml,2b421ad8c,Vial,5f982d0cb,10 doses,246f85e9,1007589,19.3,19.3,20031481000116109,,51201629,
Diphtheria/Tetanus/Pertussis Vaccine,5d73d12ed,DTPa,Intramuscular,cf4a9f61d,Injection (suspension),24958e8eb,,,Diphtheria toxoid + tetanus toxoid + pertussis toxoid + filamentous haemagglutinin + pertactin,2a44ee938,Infanrix,19c96670d,30 IU/40 IU/25 mcg/25 mcg/8 mcg,6b9711565,0.5 ml,d96cbd2ca,Pre-filled syringe,51d9dcce1,,,1007584,19.3,19.3,20054171000116103,46094421000116105,51202101,
Diphtheria/Tetanus/Pertussis Vaccine,5d73d12ed,DTPa,Intramuscular,cf4a9f61d,Injection (suspension),24958e8eb,,,Diphtheria toxoid + tetanus toxoid + pertussis toxoid + filamentous haemagglutinin + pertactin,2a44ee938,Boostrix,0355a5586,2 IU/20 IU/8 mcg/8 mcg/2.5 mcg,9372f41cb,0.5 ml,edcc7b825,Pre-filled syringe,c341ef485,,,1007584,19.3,19.3,20054171000116103,10101081000116102,51202101,
Diphtheria/Tetanus/Pertussis Vaccine,5d73d12ed,DTPa,Intramuscular,cf4a9f61d,Injection (suspension),24958e8eb,,,Diphtheria toxoid + tetanus toxoid + pertussis toxoid + filamentous haemagglutinin + pertactin + pertussis fimbriae types 2 and 3,69577edcc,Adacel,33117b6b9,2 IU/20 IU/2.5 mcg/5 mcg/3 mcg/5 mcg,4cdf47ee8,0.5 ml,7dd6e8f7c,Vial,33299d13a,,,1007584,19.3,19.3,20054171000116103,1.00171E+16,51202101,
Diphtheria/Tetanus/Pertussis/Hepatitis B/Haemophilus Influenzae Type B Vaccine,945ab5e9,Pentavalent Vaccine,Intramuscular,d45dd693e,Injection (suspension),cb62924da,,,Diphtheria toxoid + tetanus toxoid + pertussis toxoid + filamentous haemagglutinin + pertactin + hepatitis B virus surface antigen recombinant + Haemophilus influenzae type b + poliovirus inactivated antigen (type 1 (Mahoney) + type 2 (MEF-1) + type 3 (Saukett),eefcfe25f,Undefined,8ed43048a,30 IU/40 IU/25 mcg/25 mcg/8 mcg/10 mcg/10 mcg/40 D-antigen units/8 D-antigen units/32 D-units,c198c6f2a,0.5 ml,89de32bc5,Pre-filled syringe,e64a3a51e,,,,19.3,19.3,,,,
Diphtheria/Tetanus/Pertussis/Hepatitis B/Haemophilus Influenzae Type B Vaccine,945ab5e9,Pentavalent Vaccine,Intramuscular,d45dd693e,Powder for reconstitution,59a91d125,,,Diphtheria toxoid + tetanus toxoid + pertussis toxoid + filamentous haemagglutinin + pertactin + hepatitis B virus surface antigen recombinant + Haemophilus influenzae type b + poliovirus inactivated antigen (type 1 (Mahoney) + type 2 (MEF-1) + type 3 (Saukett),e5bf600d0,Undefined,9884a2f52,30 IU/40 IU/25 mcg/25 mcg/8 mcg/10 mcg/10 mcg/40 D-antigen units/8 D-antigen units/32 D-units,481c7862b,0.5 ml,2405e4bc1,Vial,80c1472bc,,,,19.3,19.3,,,,
Diphtheria/Tetanus/Pertussis/Hepatitis B/Inactivated Poliovirus Vaccine/Haemophilus Influenzae Type B Vaccine,10e3d734b,DTPa-hepB-IPV-Hib,Intramuscular,143f3ae44,Injection (suspension),b4e197d7c,,,Diphtheria toxoid + tetanus toxoid + pertussis toxoid + filamentous haemagglutinin + pertactin + hepatitis B virus surface antigen recombinant + Haemophilus influenzae type b + poliovirus inactivated antigen (type 1 (Mahoney) + type 2 (MEF-1) + type 3 (Saukett),3fa5e7396,Undefined,ce54e433c,30 IU/40 IU/25 mcg/25 mcg/8 mcg/10 mcg/10 mcg/40 D-antigen units/8 D-antigen units/32 D-units,b6192a519,0.5 ml,54d422438,Pre-filled syringe,c7234f05b,,,,19.3,19.3,44317711000116105,4.43179E+16,,
Diphtheria/Tetanus/Pertussis/Hepatitis B/Inactivated Poliovirus Vaccine/Haemophilus Influenzae Type B Vaccine,10e3d734b,DTPa-hepB-IPV-Hib,Intramuscular,143f3ae44,Powder for reconstitution,d0320b357,,,Diphtheria toxoid + tetanus toxoid + pertussis toxoid + filamentous haemagglutinin + pertactin + hepatitis B virus surface antigen recombinant + Haemophilus influenzae type b + poliovirus inactivated antigen (type 1 (Mahoney) + type 2 (MEF-1) + type 3 (Saukett),6036716b7,Undefined,490443946,30 IU/40 IU/25 mcg/25 mcg/8 mcg/10 mcg/10 mcg/40 D-antigen units/8 D-antigen units/32 D-units,b60d98780,0.5 ml,9e5c5b374,Vial,b6d02ac45,,,,19.3,19.3,44317711000116105,4.43179E+16,,
Diphtheria/Tetanus/Pertussis/Hepatitis B/Inactivated Poliovirus Vaccine/Haemophilus Influenzae Type B Vaccine,10e3d734b,DTPa-hepB-IPV-Hib,Intramuscular,143f3ae44,Injection (suspension),b4e197d7c,,,Diphtheria toxoid + tetanus toxoid + pertussis toxoid + filamentous haemagglutinin + hepatitis B virus surface antigen recombinant + Haemophilus influenzae type b + poliovirus inactivated antigen (type 1 (Mahoney) + type 2 (MEF-1) + type 3 (Saukett),381ad0b0a,Undefined,55d41bdad,20 IU/40 IU/25 mcg/25 mcg/10 mcg/12 mcg/40 D-antigen units/8 D-antigen units/32 D-antigen units,ab7fd3a4d,0.5 ml,dc696879c,Pre-filled syringe,4af657b4d,,,,19.3,19.3,"29444641000116106, 20049201000116100","29455411000116105, 10319211000116105",,
Diphtheria/Tetanus/Pertussis/Inactivated Poliovirus Vaccine,ab12218e3,DTPa-IPV,Intramuscular,74d5f6cc9,Injection (suspension),59a91d125,,,Diphtheria toxoid + tetanus toxoid + pertussis toxoid + filamentous haemagglutinin + pertactin + pertussis fimbriae type 2 and 3 + poliovirus inactivated antigen (type 1 (Mahoney) + type 2 (MEF-1) + type 3 (Saukett),c21e78e81,Adacel Polio,fd8f1f1d5,2 IU/20 IU/2.5 mcg/5 mcg/3 mcg/5 mcg/40 D-antigen units/8 D-antigen units/32 D-antigen units,76d1d41c1,0.5 ml,3356b27c9,Vial,31cc56fa7,,,1607802,19.3,19.3,3.11436E+16,4.4199E+16,,
Diphtheria/Tetanus/Pertussis/Inactivated Poliovirus Vaccine,ab12218e3,DTPa-IPV,Intramuscular,74d5f6cc9,Injection (suspension),59a91d125,,,Diphtheria toxoid + tetanus toxoid + pertussis toxoid + filamentous haemagglutinin + pertactin + pertussis fimbriae type 2 and 3 + poliovirus inactivated antigen (type 1 (Mahoney) + type 2 (MEF-1) + type 3 (Saukett),c21e78e81,Adacel Polio,fd8f1f1d5,2 IU/20 IU/2.5 mcg/5 mcg/3 mcg/5 mcg/40 D-antigen units/8 D-antigen units/32 D-antigen units,76d1d41c1,0.5 ml,3356b27c9,Pre-filled syringe,d52e8c95e,,,1607802,19.3,19.3,3.11436E+16,1.00172E+16,,
Diphtheria/Tetanus/Pertussis/Inactivated Poliovirus Vaccine,ab12218e3,DTPa-IPV,Intramuscular,74d5f6cc9,Injection (suspension),59a91d125,,,Diphtheria toxoid + tetanus toxoid + pertussis toxoid + filamentous haemagglutinin + pertactin + poliovirus inactivated antigen (type 1 (Mahoney) + type 2 (MEF-1) + type 3 (Saukett),05d36a28d,Boostrix IPV,5a06d1b72,2 IU/20 IU/8 mcg/8 mcg/2.5 mcg/40 D-antigen units/8 D-antigen units/32 D-antigen units,2a4d33899,0.5 ml,680af1c1e,Pre-filled syringe,653cd2e9d,,,1657884,19.3,19.3,3.11436E+16,44121701000116104,,
Diphtheria/Tetanus/Pertussis/Inactivated Poliovirus Vaccine,ab12218e3,DTPa-IPV,Intramuscular,74d5f6cc9,Injection (suspension),59a91d125,,,Diphtheria toxoid + tetanus toxoid + pertussis toxoid + filamentous haemagglutinin + pertactin + poliovirus inactivated antigen (type 1 (Mahoney) + type 2 (MEF-1) + type 3 (Saukett),05d36a28d,Infanrix IPV,08ceb8927,30 IU/40 IU/25 mcg/25 mcg/8 mcg/40 D-antigen units/8 D-antigen units/32 D-antigen units,2e651d76e,0.5 ml,faa33fad2,Pre-filled syringe,b58c2c681,,,1657884,19.3,19.3,3.11436E+16,10347931000116108,,
Diphtheria/Tetanus/Pertussis/Inactivated Poliovirus Vaccine,ab12218e3,DTPa-IPV,Intramuscular,74d5f6cc9,Injection (suspension),59a91d125,,,Diphtheria toxoid + tetanus toxoid + pertussis toxoid + filamentous haemagglutinin + pertactin + poliovirus inactivated antigen (type 1 (Mahoney) + type 2 (MEF-1) + type 3 (Saukett),05d36a28d,Quadracel,75466ca2c,30 IU/40 IU/20 mcg/20 mcg/3 mcg/5 mcg/40 D-antigen units/8 D-antigen units/32 D-antigen units,481c7862b,0.5 ml,2405e4bc1,Vial,1df0ae267,,,1657884,19.3,19.3,3.11436E+16,44058801000116105,,
Hepatitis A Vaccine,44bad4bf,HepA,Intramuscular,cc329197e,Injection (suspension),3494510eb,,,Hepatitis A,7a71fbfd6,Avaxim,8a8d95994,160 EU,677d6b664,0.5 ml,7a415475a,Pre-filled syringe,3a1d17721,,,798361,19.3,19.3,10085321000116105,1.00853E+16,51201626,
Hepatitis A Vaccine,44bad4bf,HepA,Intramuscular,cc329197e,Injection (suspension),3494510eb,,,Hepatitis A,7a71fbfd6,Undefined,3a3775c5a,25 EU,2aece25b4,0.5 ml,6d779af18,Vial,51ef909b6,,,798361,19.3,19.3,10085321000116105,20054751000116106,51201626,
Hepatitis A Vaccine,44bad4bf,HepA,Intramuscular,cc329197e,Injection (suspension),3494510eb,,,Hepatitis A,7a71fbfd6,Undefined,3a3775c5a,25 EU,2aece25b4,0.5 ml,6d779af18,Pre-filled syringe,92a39d8e6,,,798361,19.3,19.3,10085321000116105,10695521000116109,51201626,
Hepatitis A Vaccine,44bad4bf,HepA,Intramuscular,cc329197e,Injection (suspension),3494510eb,,,Hepatitis A,7a71fbfd6,Undefined,3a3775c5a,720 EU,eede3e2cb,0.5 ml,19377f9b4,Pre-filled syringe,92bbdca47,,,798361,19.3,19.3,10085321000116105,10336261000116105,51201626,
Hepatitis A Vaccine,44bad4bf,HepA,Intramuscular,cc329197e,Injection (suspension),3494510eb,,,Hepatitis A,7a71fbfd6,Undefined,3a3775c5a,720 EU,eede3e2cb,0.5 ml,19377f9b4,Vial,912e4d93d,,,798361,19.3,19.3,10085321000116105,43964781000116101,51201626,
Hepatitis A Vaccine,44bad4bf,HepA,Intramuscular,cc329197e,Injection (suspension),3494510eb,,,Hepatitis A,7a71fbfd6,Undefined,3a3775c5a,1440 EU,e7e376915,1 ml,dd5d83d7f,Vial,15694e64e,,,798361,19.3,19.3,10085321000116105,20072931000116109,51201626,
Hepatitis A Vaccine,44bad4bf,HepA,Intramuscular,cc329197e,Injection (suspension),3494510eb,,,Hepatitis A,7a71fbfd6,Undefined,3a3775c5a,1440 EU,e7e376915,1 ml,dd5d83d7f,Pre-filled syringe,3517596eb,,,798361,19.3,19.3,10085321000116105,10336181000116107,51201626,
Hepatitis A Vaccine,44bad4bf,HepA,Intramuscular,cc329197e,Injection (suspension),3494510eb,,,Hepatitis A,7a71fbfd6,Undefined,3a3775c5a,50 EU,b141d3cfc,1 ml,0fd437a4e,Vial,5c3547eac,,,798361,19.3,19.3,10085321000116105,10336091000116105,51201626,
Hepatitis A Vaccine,44bad4bf,HepA,Intramuscular,cc329197e,Injection (suspension),3494510eb,,,Hepatitis A,7a71fbfd6,Undefined,3a3775c5a,50 EU,b141d3cfc,1 ml,0fd437a4e,Pre-filled syringe,be75c11b3,,,798361,19.3,19.3,10085321000116105,20054711000116107,51201626,
Hepatitis A/Typhoid Vaccine,45257e1b1,,Intramuscular,9ac6b3e51,Injection (suspension),4a2d27e7f,,,Hepatitis A strain HM175 + S typhi Ty2 strain,64b4a93ec,Vivaxim,e44d89108,160 antigen units/25 mcg,6bb32afc9,1ml,a171ac708,Pre-filled syringe,9d54958aa,,,1361667,19.3,19.3,31144271000116107,10744001000116108,,
Hepatitis B Vaccine,44ec84bf,HepB,Intramuscular,75d9580d7,Injection (suspension),5f74d5e9,,,Hepatitis B ,167a8528d,Undefined,b2ac85ef7,10 mcg,82391fedd,0.5 ml,444a8e795,Pre-filled syringe,7ce9e2de6,,,797752,19.3,19.3,10260371000116107,4.49512E+16,51201607,
Hepatitis B Vaccine,44ec84bf,HepB,Intramuscular,75d9580d7,Injection (suspension),5f74d5e9,,,Hepatitis B ,167a8528d,Undefined,b2ac85ef7,10 mcg,82391fedd,0.5 ml,444a8e795,Vial,f6a967ba8,,,797752,19.3,19.3,10260371000116107,46083591000116108,51201607,
Hepatitis B Vaccine,44ec84bf,HepB,Intramuscular,75d9580d7,Injection (suspension),5f74d5e9,,,Hepatitis B ,167a8528d,Undefined,b2ac85ef7,10 mcg,82391fedd,1ml,31c7751e9,Pre-filled syringe,0ad57e873,,,797752,19.3,19.3,10260371000116107,46565631000116108,51201607,
Hepatitis B Vaccine,44ec84bf,HepB,Intramuscular,75d9580d7,Injection (suspension),5f74d5e9,,,Hepatitis B ,167a8528d,Undefined,b2ac85ef7,10 mcg,82391fedd,1ml,31c7751e9,Vial,848b18784,,,797752,19.3,19.3,10260371000116107,10336721000116105,51201607,
Hepatitis B Vaccine,44ec84bf,HepB,Intramuscular,75d9580d7,Injection (suspension),5f74d5e9,,,Hepatitis B ,167a8528d,Undefined,b2ac85ef7,40 mcg,e6d67dc96,1ml,475dbd327,Vial,a5ac542c5,,,797752,19.3,19.3,10260371000116107,43922831000116106,51201607,
Hepatitis B Vaccine,44ec84bf,HepB,Intramuscular,75d9580d7,Injection (suspension),5f74d5e9,,,Hepatitis B ,167a8528d,Undefined,b2ac85ef7,20 mcg,2a20595a8,1ml,227dac139,Pre-filled syringe,946d5315e,,,797752,19.3,19.3,10260371000116107,31171161000116105,51201607,
Hepatitis B Vaccine,44ec84bf,HepB,Intramuscular,75d9580d7,Injection (suspension),5f74d5e9,,,Hepatitis B ,167a8528d,Undefined,b2ac85ef7,20 mcg,2a20595a8,1ml,227dac139,Vial,0e3393984,,,797752,19.3,19.3,10260371000116107,10260551000116109,51201607,
Hepatitis B Vaccine,44ec84bf,HepB,Intramuscular,75d9580d7,Injection (suspension),5f74d5e9,,,Hepatitis B , 167a8528d,Undefined,b2ac85ef7,5 mcg,43776f55f,0.5 ml,fc39ae886,Vial,2a220337a,,,797752,19.3,19.3,10260371000116107,2.94352E+16,51201607,
Human Papillomavirus Vaccine,452a74bf,HPV,Intramuscular,b75bf73c3,Injection (suspension),293c72bc5,,,Human Papillomavirus 9vHPV (Types 6 + 11 + 16 + 18 + 31 + 33 + 45 + 52 + 58),3aadc3dc2,Undefined,4f59a1d98,30 mcg/40 mcg/60 mcg/40 mcg/20 mcg/20 mcg/20 mcg/20 mcg/20 mcg,07189e74f,0.5 ml,57e7c24c1,Pre-filled syringe,bf459eeb5,,,1597093,19.3,19.3,46099761000116105,46100471000116105,51201649,
Human Papillomavirus Vaccine,452a74bf,HPV,Intramuscular,b75bf73c3,Injection (suspension),293c72bc5,,,Human Papillomavirus 9vHPV (Types 6 + 11 + 16 + 18 + 31 + 33 + 45 + 52 + 58),3aadc3dc2,Undefined,4f59a1d98,30 mcg/40 mcg/60 mcg/40 mcg/20 mcg/20 mcg/20 mcg/20 mcg/20 mcg,07189e74f,0.5 ml,57e7c24c1,Vial,98b875e9,,,1597093,19.3,19.3,46099761000116105,46100121000116103,51201649,
Human Papillomavirus Vaccine,452a74bf,HPV,Intramuscular,b75bf73c3,Injection (suspension),293c72bc5,,,Human Papillomavirus 4vHPV (Types 6 + 11 + 16 + 18),28145ed31,Undefined,987dc77a0,20 mcg/40 mcg/40 mcg/20 mcg,6cea744bb,0.5 ml,2b2475daa,Pre-filled syringe,d55dccdb8,,,1007132,19.3,19.3,10332631000116103,10332651000116108,51201649,
Human Papillomavirus Vaccine,452a74bf,HPV,Intramuscular,b75bf73c3,Injection (suspension),293c72bc5,,,Human Papillomavirus 4vHPV (Types 6 + 11 + 16 + 18),28145ed31,Undefined,987dc77a0,20 mcg/40 mcg/40 mcg/20 mcg,6cea744bb,0.5 ml,2b2475daa,Vial,6a23c161b,,,1007132,19.3,19.3,10332631000116103,44190341000116101,51201649,
Human Papillomavirus Vaccine,452a74bf,HPV,Intramuscular,b75bf73c3,Injection (suspension),293c72bc5,,,Human Papillomavirus 2vHPV (Types 16 + 18),7b76cc961,Undefined,ea331c903,20 mcg/20 mcg,abca1aefa,0.5 ml,8b4978554,Pre-filled syringe,7d51aac71,,,1008299,19.3,19.3,3.11354E+16,31135441000116102,51201649,
Human Papillomavirus Vaccine,452a74bf,HPV,Intramuscular,b75bf73c3,Injection (suspension),293c72bc5,,,Human Papillomavirus 2vHPV (Types 16 + 18),7b76cc961,Undefined,ea331c903,20 mcg/20 mcg,abca1aefa,0.5 ml,8b4978554,Vial,7c88d8d62,,,1008299,19.3,19.3,3.11354E+16,44205511000116103,51201649,
Influenza Quadrivalent Vaccine (Seasonal),460d74bf,,Intramuscular,3146b9dc9,Injection (suspension),875a98a15,"Southern Hemisphere 2021, Egg-based",7487b0880,A/Victoria/2570/2019 (H1N1) pdm09 - like virus + A/Hong Kong/2671/2019 (H3N2) - like virus + B/Washington/02/2019 - like virus + B/Phuket/3073/2013 - like virus ,2b241659d,Undefined,61b59b5ab,15 mcg/15 mcg/15 mcg/15 mcg ,d3653a0b8,0.5 ml,441ac1be7,Pre-filled syringe,16acb4411,,,2479044,19.3,19.3,47360461000116107,47360601000116106,51201608,
Influenza Quadrivalent Vaccine (Seasonal),460d74bf,,Intramuscular,3146b9dc9,Injection (suspension),875a98a15,"Southern Hemisphere 2021, Egg-based",7487b0880,A/Victoria/2570/2019 (H1N1) pdm09 - like virus + A/Hong Kong/2671/2019 (H3N2) - like virus + B/Washington/02/2019 - like virus + B/Phuket/3073/2013 - like virus ,2b241659d,Undefined,61b59b5ab,7.5 mcg/7.5 mcg/7.5 mcg/7.5 mcg,deae34deb,0.25 ml,ca32c98b7,Pre-filled syringe,4e240c18f,,,2479044,19.3,19.3,47360461000116107,47368451000116107,51201608,
Influenza Quadrivalent Vaccine (Seasonal),460d74bf,,Intramuscular,3146b9dc9,Injection (suspension),875a98a15,"Southern Hemisphere 2021, Egg-based",7487b0880,A/Victoria/2570/2019 (H1N1) pdm09 - like virus + A/Hong Kong/2671/2019 (H3N2) - like virus + B/Washington/02/2019 - like virus + B/Phuket/3073/2013 - like virus with Adjunct MF59C.1,9ff87993d,Fluad Quad,21c38afe3,15 mcg/15 mcg/15 mcg/15 mcg,15401bae2,0.5 ml,555bb9615,Pre-filled syringe,4b62e8b71,,,,19.3,19.3,47360461000116107,47360601000116106,51201608,
Influenza Quadrivalent Vaccine (Seasonal),460d74bf,,Intramuscular,3146b9dc9,Injection (suspension),875a98a15,"Southern Hemisphere 2021, Cell-based",e56731e2d,A/Wisconsin/588/2019 (H1N1) pdm09 - like virus (A/Delaware/55/2019)/A/Hong Kong/45/2019 (H3N2) - like virus (A/Delaware/39/2019)/B/Washington/02/2019 - like virus (B/Darwin/7/2019)/B/Phuket/3073/2013 - like virus (B/Singapore/INFTT-16-0610/2016),6802c7c71,Flucelvax Quad,2cf244c4e,15 mcg/15 mcg/15 mcg/15 mcg,eac49917c,0.5 ml,3a639e7be,Pre-filled syringe,23470ee01,,,,19.3,19.3,,,51201608,
Influenza Quadrivalent Vaccine (Seasonal),460d74bf,,Intramuscular,3146b9dc9,Injection (suspension),875a98a15,"Northern Hemisphere 2021-2022, Egg-based",2402a955b,Undefined,40468c1aa,Undefined,b91eb1d56,15 mcg/15 mcg/15 mcg/15 mcg,9dca91298,0.5 ml,2743ce27a,Vial,20b3a68d2,,,2479044,19.3,19.3,,,51201608,
Influenza Quadrivalent Vaccine (Seasonal),460d74bf,,Intramuscular,3146b9dc9,Injection (suspension),875a98a15,"Northern Hemisphere 2021-2022, Egg-based",2402a955b,Undefined,40468c1aa,Undefined,b91eb1d56,15 mcg/15 mcg/15 mcg/15 mcg,9dca91298,5 ml,8cd9be9d4,Vial,aefaa65ad,10 doses,2cf11cc5a,2479044,19.3,19.3,,,51201608,
Influenza Quadrivalent Vaccine (Seasonal),460d74bf,,Intramuscular,3146b9dc9,Injection (suspension),875a98a15,"Northern Hemisphere 2021-2022, Cell-based",f453de6ff,A/Victoria/2570/2019 (H1N1) pdm09 - like virus + A/Hong Kong/2671/2019 (H3N2) - like virus + B/Washington/02/2019 - like virus + B/Phuket/3073/2013 - like virus,47cdd745c,Undefined,b045290c3,15 mcg/15 mcg/15 mcg/15 mcg,3baf60cc8,0.5 ml,2c1c22541,Pre-filled syringe,095b493c3,,,2479044,19.3,19.3,,,51201608,
Influenza Trivalent Vaccine (Seasonal),faeb41b73,,Intramuscular,33ce43177,Injection (suspension),5049d207e,"Northern Hemisphere 2021-2022, Egg-based",ca7f7d625,Undefined,bdc86ca3e,Undefined,eae203302,15 mcg/15 mcg/15 mcg/15 mcg,329f116ac,0.5 ml,a5c97b265,Vial,8745b4192,,,,19.3,19.3,,,51201608,
Influenza Trivalent Vaccine (Seasonal),faeb41b73,,Intramuscular,33ce43177,Injection (suspension),5049d207e,"Northern Hemisphere 2021-2022, Egg-based",ca7f7d625,Undefined,bdc86ca3e,Undefined,eae203302,15 mcg/15 mcg/15 mcg per dose,8266e89cb,5 ml,442df6c0c,Vial,480b73511,10 doses,2e621d488,,19.3,19.3,,,51201608,
Influenza Trivalent Vaccine (Seasonal),faeb41b73,,Intramuscular,33ce43177,Injection (suspension),5049d207e,"Northern Hemisphere 2021-2022, Cell-based",8dd6c4a07,Undefined,5aca466bd,Undefined,96b4d6c9c,15 mcg/15 mcg/15 mcg,416127c91,0.5 ml,b1907aa21,,,,,,19.3,19.3,,,51201608,
Influenza Trivalent Vaccine (Seasonal),faeb41b73,,Intramuscular,33ce43177,Injection (suspension),5049d207e,"Southern Hemisphere 2021, Cell-based",130e3bb75,Undefined,f8e7becb7,Undefined,ddc609aff,15 mcg/15 mcg/15 mcg,6893ca923,0.5 ml,7bda544dd,,,,,,19.3,19.3,,,51201608,
Influenza Trivalent Vaccine (Seasonal),faeb41b73,,Intramuscular,33ce43177,Injection (suspension),5049d207e,"Southern Hemisphere 2021, Egg-based",3333d7601,Undefined,25fa71d16,Undefined,3a6c080f4,15 mcg/15 mcg/15 mcg,ec7c5de4a,0.5 ml,7799c4578,Vial,adaa47e92,,,,19.3,19.3,,,51201608,
Influenza Trivalent Vaccine (Seasonal),faeb41b73,,Intramuscular,33ce43177,Injection (suspension),5049d207e,"Southern Hemisphere 2021, Egg-based",3333d7601,Undefined,25fa71d16,Undefined,3a6c080f4,15 mcg/15 mcg/15 mcg per dose,70e13bab8,5 ml,574315d9b,Vial,d1c52bbf6,10 doses,1e1f0537a,1617538,19.3,19.3,,,51201608,
Japanese Encephalitis Vaccine,469674bf,JE,Intramuscular,2f51ed9af,Powder for reconstitution,ee47d7f3d,,,Attenuated Japanese Encephalitis,2579eed2d,Imojev,1a2fdb56b,4-5.8 log PFU,a1589b446,0.5 ml,5aa675be9,Vial with diluent,24da565e9,,,845525,19.3,19.3,29430451000116103,,,
Japanese Encephalitis Vaccine,469674bf,JE,Intramuscular,2f51ed9af,Injection (suspension),41ed3ba90,,,Inactivated Japanese Encephalitis,4bd19e2c3,Undefined,3a32b3e63,3 mcg (3 antigen units),f558b8a8b,0.5 ml,c15b259c6,Pre-filled syringe,eca866045,,,845525,19.3,19.3,29430451000116103,,,
Japanese Encephalitis Vaccine,469674bf,JE,Intramuscular,2f51ed9af,Injection (suspension),41ed3ba90,,,Inactivated Japanese Encephalitis,4bd19e2c3,Undefined,3a32b3e63,3 mcg (3 antigen units),f558b8a8b,2.5 ml,636d61f7b,Vial,ce9e1ab49,5 doses,6dd3ee921,845525,19.3,19.3,29430451000116103,,,
Japanese Encephalitis Vaccine,469674bf,JE,Intramuscular,2f51ed9af,Injection (suspension),41ed3ba90,,,Inactivated Japanese Encephalitis,4bd19e2c3,Undefined,3a32b3e63,6 mcg (6 antigen units),669d21473,0.5 ml,439ebc8a9,Pre-filled syringe,57ff9826e,,,845525,19.3,19.3,29430451000116103,29430511000116103,,
Japanese Encephalitis Vaccine,469674bf,JE,Intramuscular,2f51ed9af,Injection (suspension),41ed3ba90,,,Inactivated Japanese Encephalitis,4bd19e2c3,Undefined,3a32b3e63,6 mcg (6 antigen units),669d21473,2.5 ml,a71cb65d2,Vial,39579d4d1,5 doses,804d85e9,845525,19.3,19.3,29430451000116103,,,
Measles Vaccine,357834bf,,Intramuscular,eba15eb33,Powder for reconstitution,bce0a45dc,,,CAM70 strain,be1b16f45,Undefined,a6fd56616,1000 CCID50 per dose,8155ce5e6,5 ml,e140366b5,Vial with diluent,5d1b12398,10 doses,8bace5ecb,804179,19.3,19.3,,,51201609,
Measles Vaccine,357834bf,,Intramuscular,eba15eb33,Powder for reconstitution,bce0a45dc,,,CAM70 strain,be1b16f45,Undefined,a6fd56616,1000 CCID50 per dose,8155ce5e6,10 ml,064fe8641,Vial with diluent,9214e8d88,20 doses,d909f217b,804179,19.3,19.3,,,51201609,
Measles Vaccine,357834bf,,Intramuscular,eba15eb33,Powder for reconstitution,bce0a45dc,,,Edmonston-Zagreb strain,e851d5535,Undefined,bbc647883,1000 CCID50,34cce6167,0.5 ml,8dfab8675,Vial with diluent,116e43784,,,804179,19.3,19.3,,,51201609,
Measles Vaccine,357834bf,,Intramuscular,eba15eb33,Powder for reconstitution,bce0a45dc,,,Edmonston-Zagreb strain,e851d5535,Undefined,bbc647883,1000 CCID50 per dose,732d6633e,1 ml,eaba300d3,Vial with diluent,e3e47021e,2 doses,92a30b419,804179,19.3,19.3,,,51201609,
Measles Vaccine,357834bf,,Intramuscular,eba15eb33,Powder for reconstitution,bce0a45dc,,,Edmonston-Zagreb strain,e851d5535,Undefined,bbc647883,1000 CCID50 per dose,732d6633e,5 ml,16994c7b9,Vial with diluent,32a29a52e,10 doses,7a9d201ad,804179,19.3,19.3,,,51201609,
Measles Vaccine,357834bf,,Intramuscular,eba15eb33,Powder for reconstitution,bce0a45dc,,,Edmonston-Zagreb strain,e851d5535,Undefined,bbc647883,1000 CCID50 per dose,732d6633e,10 ml,154b7d533,Vial with diluent,615e4db6f,20 doses,aa321cd2a,804179,19.3,19.3,,,51201609,
Measles/Rubella Vaccine,cd2d581d,MR,Intramuscular,c5851950c,Powder for reconstitution,72dcd784a,,,Edmonston-Zagreb measles virus and Wistar RA 27/3 rubella virus strain,896448c58,Undefined,22289fcf0,1000 CCID50/1000 CCID50,69162edea,0.5 ml,a783e5eed,Vial with diluent,e6b6b5b04,,,,19.3,19.3,,,51201646,
Measles/Rubella Vaccine,cd2d581d,MR,Intramuscular,c5851950c,Powder for reconstitution,72dcd784a,,,Edmonston-Zagreb measles virus and Wistar RA 27/3 rubella virus strain,896448c58,Undefined,22289fcf0,1000 CCID50/1000 CCID50 per dose,195e3bd61,1 ml,147fba665,Vial with diluent,35ead33b7,2 doses,e059b55ec,,19.3,19.3,,,51201646,
Measles/Rubella Vaccine,cd2d581d,MR,Intramuscular,c5851950c,Powder for reconstitution,72dcd784a,,,Edmonston-Zagreb measles virus and Wistar RA 27/3 rubella virus strain,896448c58,Undefined,22289fcf0,1000 CCID50/1000 CCID50 per dose,195e3bd61,2.5 ml,7ad70466f,Vial with diluent,33d67966f,5 doses,f8cf15e9,,19.3,19.3,,,51201646,
Measles/Rubella Vaccine,cd2d581d,MR,Intramuscular,c5851950c,Powder for reconstitution,72dcd784a,,,Edmonston-Zagreb measles virus and Wistar RA 27/3 rubella virus strain,896448c58,Undefined,22289fcf0,1000 CCID50/1000 CCID50 per dose,195e3bd61,5 ml,6d27c51e4,Vial with diluent,ad4ec13b9,10 doses,85ea65e9,,19.3,19.3,,,51201646,
Meningococcal Vaccine,7bb6c4db3,"MenACWY, MenB, MenC",Intramuscular,b223d5920,Injection (solution),c2a86a7bf,Meningococcal Conjugate (MenACWY-CRM),5230a4bf,"Quadrivalent (A, C, W-135, Y) ",629439c61,Menveo,66f97621d,10 mcg/5 mcg/5 mcg/5 mcg,fa5e117b5,0.5 ml,639d9bff8,Vial with diluent,6c6544fe7,,,1008495,19.3,19.3,,,51201610,
Meningococcal Vaccine,7bb6c4db3,"MenACWY, MenB, MenC",Intramuscular,b223d5920,Injection (solution),c2a86a7bf,Meningococcal Conjugate (MenACWY-CRM),5230a4bf,"Quadrivalent (A, C, W-135, Y) ",629439c61,Menactra,e2e0a63bf,4 mcg/4 mcg/4 mcg/4 mcg,9a9bb9d7b,0.5 ml,6dc772838,Vial,c28e113e3,,,1008034,19.3,19.3,29458111000116105,29458141000116106,51201610,
Meningococcal Vaccine,7bb6c4db3,"MenACWY, MenB, MenC",Intramuscular,b223d5920,Injection (solution),c2a86a7bf,Meningococcal Conjugate (MenACWY-TT),5230a4bf,"Quadrivalent (A, C, W-135, Y) ",629439c61,Nimenrix,836fdbb24,5 mcg/5 mcg/5 mcg/5 mcg,dd8143f42,0.5 ml,25bd9a9e2,Vial with diluent,27539d841,,,2360582,19.3,19.3,44629211000116106,44629411000116105,51201610,
Meningococcal Vaccine,7bb6c4db3,"MenACWY, MenB, MenC",Intramuscular,b223d5920,Injection (suspension),8e197586a,Meningococcal Group B (MenB-MC),ee3e8c978,Neisseria meningitidis group B NHBA fusion protein/NadA protein/fHbp fusion protein/outer membrane vesicles ,8246988ec,Bexsero,c50fb0a02,50 mcg/50 mcg/50 mcg/25 mcg,8498d54f3,0.5 ml,71defd1ef,Pre-filled syringe,0c7eb3c80,,,1601401,19.3,19.3,10416121000116109,1.04162E+16,51201610,
Meningococcal Vaccine,7bb6c4db3,"MenACWY, MenB, MenC",Intramuscular,b223d5920,Injection (suspension),8e197586a,Meningococcal Group B (MenB-fHBP),ee3e8c978,Neisseria meningitidis group B recombinant lipidated-factor H binding protein subfamily A/B ,b16edcb39,Trumenba,a4c03585b,60 mcg/60 mcg,2b49c97ee,0.5 ml,bb193eebd,Pre-filled syringe,7c6e85dae,,,1593128,19.3,19.3,10416121000116109,,51201610,
Meningococcal Vaccine,7bb6c4db3,"MenACWY, MenB, MenC",Intramuscular,b223d5920,Injection (suspension),8e197586a,Meningococcal Group C,b304dcf95,Neisseria meningitidis group C11 polysaccharide,0626570c3,NeisVac-C,1b504a8b3,10 mcg,5878af08d,0.5 ml,69a46cc26,Pre-filled syringe,31f2ec8dc,,,2360572,19.3,19.3,31128781000116105,31128841000116109,51201610,
Meningococcal Vaccine,7bb6c4db3,"MenACWY, MenB, MenC",Intramuscular,b223d5920,Injection (suspension),8e197586a,Meningococcal Group C,b304dcf95,Neisseria meningitidis group C oligosaccharide,2c50be18d,Meningitec,ce6d22e4b,10 mcg,148ab7ca5,0.5 ml,67f4b573a,Pre-filled syringe,0888c3c92,,,797631,19.3,19.3,43754961000116105,43755031000116102,51201610,
Meningococcal Vaccine,7bb6c4db3,"MenACWY, MenB, MenC",Intramuscular,b223d5920,Injection (suspension),8e197586a,Meningococcal Group C,b304dcf95,Neisseria meningitidis group C oligosaccharide,2c50be18d,Meningitec,ce6d22e4b,10 mcg,148ab7ca5,0.5 ml,67f4b573a,Vial,8ea9fc126,,,797631,19.3,19.3,43754961000116105,44062641000116103,51201610,
Pneumococcal Vaccine,5e0d74bf,,Intramuscular,5f8c7a732,Injection (suspension),c5731fe98,,,"Conjugate [PCV], serotypes 1, 3, 4, 5, 6A, 6B, 7F, 9V, 14, 18C, 19A, 19F, 23F",d7f5ae406,Prevenar 13,d992d7859,2.2mcg x 12 antigens and 4.4mcg x 1 antigen,054285a3e,0.5 ml,b8131ee30,Pre-filled syringe,2e08e64c5,,,1008803,19.3,19.3,20077531000116102,20077541000116109,51201615,
Pneumococcal Vaccine,5e0d74bf,,Intramuscular,5f8c7a732,Injection (suspension),c5731fe98,,,"Conjugate [PCV], serotypes 1, 3, 4, 5, 6A, 6B, 7F, 9V, 14, 18C, 19A, 19F, 23F",d7f5ae406,Prevenar 13,d992d7859,2.2mcg x 12 antigens and 4.4mcg x 1 antigen,054285a3e,2 ml,e3cbf3b46,Vial,a587674ff,4 doses,358ad5e9,1008803,19.3,19.3,20077531000116102,,51201615,
Pneumococcal Vaccine,5e0d74bf,,Intramuscular,5f8c7a732,Injection (solution),1d7444940,,,"Polysaccharide [PPV], serotypes 1, 2, 3, 4, 5, 6B, 7F, 8, 9N, 9V, 10A, 11A, 12F, 14, 15B, 17F, 18C, 19F, 19A, 20, 22F, 23F, 33F",a8f5a5f52,Pneumovax 23,48bf5eff5,25mcg x 23 antigens,63c8b3eb6,0.5 ml,b51329360,Vial,3b7da0085,,,1008785,19.3,19.3,20050811000116109,10564461000116105,51201615,
Pneumococcal Vaccine,5e0d74bf,,Intramuscular,5f8c7a732,Injection (solution),1d7444940,,,"Polysaccharide [PPV], serotypes 1, 2, 3, 4, 5, 6B, 7F, 8, 9N, 9V, 10A, 11A, 12F, 14, 15B, 17F, 18C, 19F, 19A, 20, 22F, 23F, 33F",a8f5a5f52,Pneumovax 23,48bf5eff5,25mcg x 23 antigens,63c8b3eb6,0.5 ml,b51329360,Pre-filled syringe,0c2cca271,,,1008785,19.3,19.3,20050811000116109,20069251000116108,51201615,
Poliomyelitis Vaccine,5e1834bf,,Intramuscular,ba67d67e8,Injection (solution),63b9e3279,,," Inactivated [IPV], type 1 (Mahoney)/type 2 (MEF-1)/type 3 (Saukett)",6fc9d81d,IPOL,4da183520,40 D-antigen units/8 D-antigen units/32 D-antigen,f5dd8995b,0.5 ml,b083e6c46,Pre-filled syringe,98edde642,,,1006915,19.3,19.3,31143581000116109,10380301000116107,51201616,
Poliomyelitis Vaccine,5e1834bf,,Intramuscular,ba67d67e8,Injection (solution),63b9e3279,,,"Inactivated [IPV], type 1 (Mahoney)/type 2 (MEF-1)/type 3 (Saukett) ",6fc9d81d,Undefined,f6db8f955,40 D-antigen units/8 D-antigen units/32 D-antigen units,9939d96e2,0.5 ml,56d768a59,Vial,39dc1ee5a,,,1006915,19.3,19.3,31143581000116109,,51201616,
Poliomyelitis Vaccine,5e1834bf,,Intramuscular,ba67d67e8,Injection (solution),63b9e3279,,,"Inactivated [IPV], type 1 (Mahoney)/type 2 (MEF-1)/type 3 (Saukett) ",6fc9d81d,Undefined,f6db8f955,40 D-antigen units/8 D-antigen units/32 D-antigen units ,9939d96e2,1 ml,c64cce95e,Vial,d938d9692,2 doses,7504ca4c8,1006915,19.3,19.3,31143581000116109,,51201616,
Poliomyelitis Vaccine,5e1834bf,,Intramuscular,ba67d67e8,Injection (solution),63b9e3279,,,"Inactivated [IPV], type 1 (Mahoney)/type 2 (MEF-1)/type 3 (Saukett) ",6fc9d81d,Undefined,f6db8f955,40 D-antigen units/8 D-antigen units/32 D-antigen units ,9939d96e2,2.5 ml,b8275cc31,Vial,b982c8db9,5 doses,4d7fb5e9,1006915,19.3,19.3,31143581000116109,,51201616,
Poliomyelitis Vaccine,5e1834bf,,Intramuscular,ba67d67e8,Injection (solution),63b9e3279,,,"Inactivated [IPV], type 1 (Mahoney)/type 2 (MEF-1)/type 3 (Saukett) ",6fc9d81d,Undefined,f6db8f955,40 D-antigen units/8 D-antigen units/32 D-antigen units ,9939d96e2,5 ml,a3c50cee4,Vial,a539a7c6d,10 doses,96a28c392,1006915,19.3,19.3,31143581000116109,,51201616,
Poliomyelitis Vaccine,5e1834bf,,Oral,7191781d,Oral (suspension),427d1991d,,,"Bivalent [bOPV], type 1/type 3 (Sabin strain)",cbbdc19d6,Undefined,1dd8e4712,10^6 CCID50/10^5.8 CCID50 per dose,5b8876b9a,2 ml,435bfce0f,Vial,b23a9165f,20 doses,54c1a5e9,,19.3,19.3,,,51201616,
Poliomyelitis Vaccine,5e1834bf,,Oral,7191781d,Oral (suspension),427d1991d,,,"Bivalent [bOPV], type 1/type 3 (Sabin strain)",cbbdc19d6,Undefined,1dd8e4712,10^6 CCID50/10^5.8 CCID50 per dose,5b8876b9a,1 ml,59aebcd13,Vial,71519c1ed,10 doses,637d65e9,,19.3,19.3,,,51201616,
Poliomyelitis Vaccine,5e1834bf,,Oral,7191781d,Oral (suspension),427d1991d,,,"Monovalent [mOPV1], type 1 (Sabin strain)",dced4a8c7,Undefined,29a25ae7c,10^6 infective units per dose,3979d5e69,2 ml,435bfce0f,Vial,15a7872ff,20 doses,0105a8aae,,19.3,19.3,,,51201616,
Poliomyelitis Vaccine,5e1834bf,,Oral,7191781d,Oral (suspension),427d1991d,,,"Monovalent [mOPV1], type 1 (Sabin strain)",dced4a8c7,Undefined,29a25ae7c,10^6 infective units per dose ,3979d5e69,1 ml,bcd434155,Vial,554a8d809,10 doses,96a8f5a1b,,19.3,19.3,,,51201616,
Poliomyelitis Vaccine,5e1834bf,,Oral,7191781d,Oral (suspension),427d1991d,,,"Monovalent [mOPV2], type 2 (Sabin strain) ",537f9f0b5,Undefined,cd5feb803,10^5 infective units per dose ,58b857a24,2 ml,2eaef8bbd,Vial,e996bf436,20 doses,60589eed5,,19.3,19.3,,,51201616,
Poliomyelitis Vaccine,5e1834bf,,Oral,7191781d,Oral (suspension),427d1991d,,,"Monovalent [mOPV2], type 2 (Sabin strain) ",537f9f0b5,Undefined,cd5feb803,10^5 infective units per dose ,58b857a24,1 ml,a6acc1957,Vial,3e2bca75a,10 doses,6812cbadc,,19.3,19.3,,,51201616,
Poliomyelitis Vaccine,5e1834bf,,Oral,7191781d,Oral (suspension),427d1991d,,,"Monovalent [mOPV3], type 3 (L�on-12a1b strain)",d51074368,Undefined,e8eddd4af,10^5.8 CCID50 per dose,b8ea3d3a5,2mL,a46754310,Vial,79cbc413b,20 doses,d1ce38fa8,,19.3,19.3,,,51201616,
Poliomyelitis Vaccine,5e1834bf,,Oral,7191781d,Oral (suspension),427d1991d,,,"Monovalent [mOPV3], type 3 (L�on-12a1b strain)",d51074368,Undefined,e8eddd4af,10^5.8 CCID50 per dose,b8ea3d3a5,1mL,8e660caf8,Vial,9da179ad3,10 doses,278d6b318,,19.3,19.3,,,51201616,
Rabies Vaccine,610194bf,,Intramuscular,149ca4856,Powder for reconstitution,46c6b287e,,,"Inactivated, flury-lep strain",62eabef7b,"Rabipur, Verorab",42b314194,2.5IU,b3a6a0542,1 ml,191e14742,Vial with diluent,190cdba5b,,,830457,19.3,19.3,10417861000116106,10417881000116104,51201617,
Rabies Vaccine,610194bf,,Intramuscular,149ca4856,Powder for reconstitution,46c6b287e,,,"Inactivated, wistar PM-1503-3M (human) strain",e846122d3,Merieux,21fce9c65,2.5IU,f73a5d10a,1 ml,6e22e32e8,Vial with diluent,8f3cc67d9,,,830464,19.3,19.3,10417861000116106,10417881000116104,51201617,
Rotavirus Vaccine,61c5e4bf,,Oral,60235e8bc,Oral (suspension),ba32ec9c3,,,G1P(8) strain,3eb4c245e,Rotarix,33164d326,10^6 CCID50,0ac8c0132,1.5 ml,bd3745d53,,,,,805573,19.3,19.3,20042381000116108,10598231000116107,51201618,
Rotavirus Vaccine,61c5e4bf,,Oral,60235e8bc,Oral (suspension),ba32ec9c3,,,"G1, G2, G3, G4, P1A(8) strain",fe815b974,RotaTeq,149e3694b,2x10^6 infective units x 5 strains,ea0226cc3,2 ml,45362561d,,,,,1007640,19.3,19.3,29448361000116107,29448421000116107,51201618,
Rubella Vaccine,620294bf,,Intramuscular,e97a1dad5,Powder for reconstitution,d3de859a8,,,Wistar RA 27/3 strain ,0eae15d25,Undefined,4f1de8891,1000 CCID50,21f583313,0.5 ml,728a24a24,Vial with diluent,d7934edda,,,762817,19.3,19.3,,,51201619,
Rubella Vaccine,620294bf,,Intramuscular,e97a1dad5,Powder for reconstitution,d3de859a8,,,Wistar RA 27/3 strain ,0eae15d25,Undefined,4f1de8891,1000 CCID50 per dose,9e32ea3ad,1 ml,4bda94cc0,Vial with diluent,e762683de,2 doses,1443cfcc5,762817,19.3,19.3,,,51201619,
Rubella Vaccine ,620294bf,,Intramuscular,e97a1dad5,Powder for reconstitution,d3de859a8,,,Wistar RA 27/3 strain,0eae15d25,Undefined,4f1de8891,1000 CCID50 per dose,9e32ea3ad,2.5 ml,d715dc79e,Vial with diluent,4bda94cc0,5 doses,9fb7828ed,762817,19.3,19.3,,,51201619,
Rubella Vaccine,620294bf,,Intramuscular,e97a1dad5,Powder for reconstitution,d3de859a8,,,Wistar RA 27/3 strain,0eae15d25,Undefined,4f1de8891,1000 CCID50 per dose,9e32ea3ad,5 ml,4771548f5,Vial with diluent,23a7376db,10 doses,3c33c29a8,762817,19.3,19.3,,,51201619,
Tetanus Toxoid Vaccine,64ed34bf,TT,Intramuscular,9b9691784,Injection (suspension),e65f8bc88,,,Undefined,fb4a8f96f,Undefined,b1720763f,10Lf [40IU],cae7facb0,0.5 ml,9c36b4ae1,Vial,08b593d55,,,798306,19.3,19.3,,,51201621,
Tetanus Toxoid Vaccine,64ed34bf,TT,Intramuscular,9b9691784,Injection (suspension),e65f8bc88,,,Undefined,fb4a8f96f,Undefined,b1720763f,10Lf [40IU] per dose,36ccad6c3,5 ml,7849729ca,Vial,ca986d082,10 doses,f5425bfae,798306,19.3,19.3,,,51201621,
Tetanus Toxoid Vaccine,64ed34bf,TT,Intramuscular,9b9691784,Injection (suspension),e65f8bc88,,,Undefined,fb4a8f96f,Undefined,b1720763f,10Lf [40IU] per dose,36ccad6c3,10 ml,63e117987,Vial,930a43c27,20 doses,7840cc75b,798306,19.3,19.3,,,51201621,
Tetanus Toxoid Vaccine,64ed34bf,TT,Intramuscular,9b9691784,Injection (suspension),e65f8bc88,,,Undefined,fb4a8f96f,Undefined,b1720763f,10Lf [40IU],10Lf [40IU],0.5 ml,9c36b4ae1,Pre-filled syringe,d28bc1e14,,,798306,19.3,19.3,,,51201621,
Tetanus Toxoid Vaccine,64ed34bf,TT,Intramuscular,9b9691784,Injection (suspension),e65f8bc88,,,Undefined,fb4a8f96f,Undefined,b1720763f,5Lf [40IU],317ff5999,0.5 ml,d2f6b7e2b,Ampoule,3e69e2639,,,798306,19.3,19.3,,,51201621,
Tick-Borne Encephalitis Vaccine,659f44bf,TBE,Intramuscular,85c28fe9c,Injection (suspension),66ac7576c,,,Tick borne encephalitis virus,aa54d178a,TicoVac,a48f17629,2.4mcg,13a911bbd,0.5 ml,612a4d775,Pre-filled syringe,13e3a4275,,,,19.3,19.3,44741001000116109,44741071000116103,,
Tick-Borne Encephalitis Vaccine,659f44bf,TBE,Intramuscular,85c28fe9c,Injection (suspension),66ac7576c,,,Tick borne encephalitis virus,aa54d178a,TicoVac Junior,f7245545f,2.4mcg,515cbe2ff,0.25 ml,d1ac1d094,Pre-filled syringe,5b4836ddc,,,,19.3,19.3,44741001000116109,44746261000116106,,
Typhoid Vaccine,66e094bf,,Oral,deea6fe2e,Capsule,b036d08d8,,,"Monovalent live, Salmonella typhi strain Ty21a",c561f22e7,Vivotif Oral,4e45e2a05,>2 x 10^9 viable organisms,46536ab77,,,,,,,,19.3,19.3,29557411000116105,29557511000116109,51201623,
Typhoid Vaccine,66e094bf,,Intramuscular,d0c5899ea,Injection (suspension),f72454cca,,,"Vi polysaccharide, Salmonella typhi strain Ty2",1c37aeec8,Undefined,1e5be2282,25 mcg,7c9a20542,0.5 ml,1db89f766,Pre-filled syringe,d35b7c11f,,,807219,19.3,19.3,20069271000116101,10692961000116102,51201623,
Typhoid Vaccine,66e094bf,,Intramuscular,d0c5899ea,Injection (suspension),f72454cca,,,"Vi polysaccharide, Salmonella typhi strain Ty2",1c37aeec8,Undefined,1e5be2282,25 mcg per dose,0a87726aa,5 ml,122ed4218,Vial,d42e4d4b3,10 doses,6e3cd54b4,807219,19.3,19.3,20069271000116101,43994421000116106,51201623,
Varicella Vaccine ,6703b4bf,,Intramuscular,126493a3e,Powder for reconstitution,fbb1acef0,,,Oka strain,b34f8d2db,Undefined,f8517fe4c,>10^3.3 PFU,60ee03d3e,0.5 ml,6085ca968,Vial with diluent,0157c3ab8,,,,19.3,19.3,2.00548E+16,10695741000116106,51201624,
Varicella Vaccine ,6703b4bf,,Intramuscular,126493a3e,Powder for reconstitution,fbb1acef0,,,Oka/Merck strain,c451f5463,Varivax,f6ea3b12d,>1350 PFU,0cabba448,0.5 ml,921cca341,Vial with diluent,cb80bb9d1,,,1292422,19.3,19.3,2.00548E+16,10695811000116102,51201624,
Yellow Fever Vaccine,6769c4bf,,Intramuscular,684ad6c3b,Powder for reconstitution,c2799ebbe,,,17D,64867c52a,Stamaril,5966022ef,> 1000IU,f5f6a52bc,0.5 ml,9e4452d06,Vial with diluent,f9aadd264,,,804187,19.3,19.3,10645491000116103,10645511000116109,51201625,
