Product ,Product Synonym,Combination,Route,Dose Form,Dose Qualification,Strength,Unit of Presentation,Immediate Packaging,Pack Size,Outer Packaging,UC1,UC2 (Product),UC3 (Route),UC4 (form),UC5 (qualification),UC6 (strength),UC7 (presentation),UC8 (immediate),UC8 (pack size),UC9 (outer)
Abacavir,ABC,,Oral,Liquid,,20mg per mL,5mL,,,,933f3f00,c7750265,b49ec300,888e7a00,,,358b04Bf,,Product Code,
Abacavir,ABC,,Oral,Tablet,,300mg,,,,,933f3f00,c7750265,b49ec300,945b5500,,3590a4Bf,,,,
Abacavir/Lamivudine,,"10c9701f, 493bb97e",Oral,Tablet,Dispersible,120mg/60mg,,,,,933f3f00,10c9701f,4a20c400,4d4c7700,c6555e00,4502643e,,,,
Abacavir/Lamivudine,,"10c9701f, 493bb97e",Oral,Tablet,Dispersible,60mg/30mg,,,,,933f3f00,10c9701f,4a20c400,4d4c7700,c6555e00,373004bf,,,,
Abacavir/Lamivudine,,"10c9701f, 493bb97e",Oral,Tablet,,600mg/300mg,,,,,933f3f00,10c9701f,4a20c400,4d4c7700,,4695943e,,,,
Acetazolamide,,,Oral,Tablet,,250mg,,,,,933f3f00,33d71824,073b3100,0b9c3d00,,373324bf,,,,
Acetic Acid,,,Topical,Solution,,2%,,,,,933f3f00,7c8c2b5b,6e5f7a00,66e85500,,36e874bf,,,,
Acetylcysteine,,,Oral,Liquid,,100mg per mL,1mL,,,,933f3f00,c8ba31a5,69fe0c00,ca5ce600,,,35a214bf,,,
Acetylcysteine,,,Oral,Liquid,,200mg per mL,1mL,,,,933f3f00,c8ba31a5,69fe0c00,ca5ce600,,,35a724bf,,,
Acetylcysteine,,,Parenteral,,,200mg per mL,10mL,,,,933f3f00,c8ba31a5,dcd49f00,,,,35c2f4bf,,,
Acetylsalicylic Acid,Aspirin,,Oral,Tablet,,100mg,,,,,933f3f00,cf00cc3f,0396a900,c2bec800,,35d384bf,,,,
Acetylsalicylic Acid,Aspirin,,Oral,Tablet,,300mg,,,,,933f3f00,cf00cc3f,0396a900,c2bec800,,35de24bf,,,,
Acetylsalicylic Acid,Aspirin,,Oral,Tablet,,500mg,,,,,933f3f00,cf00cc3f,0396a900,c2bec800,,35e654bf,,,,
Acetylsalicylic Acid,Aspirin,,Oral,Tablet,,81mg,,,,,933f3f00,cf00cc3f,0396a900,c2bec800,,46a0743e,,,,
Acetylsalicylic Acid,Aspirin,,Rectal,Suppository,,100mg,,,,,933f3f00,cf00cc3f,d0826b00,b5838200,,35ce74bf,,,,
Acetylsalicylic Acid,Aspirin,,Rectal,Suppository,,150mg,,,,,933f3f00,cf00cc3f,d0826b00,b5838200,,35d934bf,,,,
Acetylsalicylic Acid,Aspirin,,Rectal,Suppository,,50mg,,,,,933f3f00,cf00cc3f,d0826b00,b5838200,,35c954bf,,,,
Aciclovir,,,Oral,Liquid,,40mg per mL,5mL,,,,933f3f00,18e10fbb,5fa01100,f3162500,,,35ebd4bf,,,
Aciclovir,,,Oral,Tablet,,200mg,,,,,933f3f00,18e10fbb,5fa01100,0e658a00,,35f0b4bf,,,,
Aciclovir,,,Parenteral,Powder for reconstitution,,250mg,,,,,933f3f00,18e10fbb,f6429000,5d305400,,35f594bf,,,,
Aciclovir,,,Topical,Ointment,,3%,,,,,933f3f00,18e10fbb,df171300,865dc700,,359d04bf,,,,
Albendazole,,,Oral,Tablet,Chewable,400mg,,,,,933f3f00,11c27038,c4616e00,0db27900,97ab5800,360504bf,,,,
Allopurinol,,,Oral,Tablet,,100mg,,,,,933f3f00,6d8482f7,4c549200,9f690d00,,36bad4bf,,,,
Allopurinol,,,Oral,Tablet,,300mg,,,,,933f3f00,6d8482f7,4c549200,9f690d00,,36bfd4bf,,,,
Amidotrizoate Meglumine/Amidotrizoate Sodium,,,Parenteral,,,140mg per mL,20mL,,,,933f3f00,53e82b6c,a5d79c00,,,,3613d4bf,,,
Amidotrizoate Meglumine/Amidotrizoate Sodium,,,Parenteral,,,280mg per mL,20mL,,,,933f3f00,53e82b6c,a5d79c00,,,,361dc4bf,,,
Amidotrizoate Meglumine/Amidotrizoate Sodium,,,Parenteral,,,420mg per mL,20mL,,,,933f3f00,53e82b6c,a5d79c00,,,,3627c4bf,,,
Amikacin,,,Parenteral,Powder for reconstitution,,100mg,,,,,933f3f00,b336a02e,4782f600,d46de100,,3636e4bf,,,,
Amikacin,,,Parenteral,Powder for reconstitution,,1g,,,,,933f3f00,b336a02e,4782f600,d46de100,,363194bf,,,,
Amikacin,,,Parenteral,Powder for reconstitution,,500mg,,,,,933f3f00,b336a02e,4782f600,d46de100,,363bd4bf,,,,
Amiloride,,,Oral,Tablet,,5mg,,,,,933f3f00,38f21fb0,d3192000,96d36300,,3640b4bf,,,,
Aminophylline,,,Oral,Tablet,,100mg,,,,,933f3f00,42335d86,fc709a00,e934f500,,46ae143e,,,,
Aminophylline,,,Parenteral,,,25mg per mL,10mL,,,,933f3f00,42335d86,3a13e400,b1f31700,,,46a7343e,,,
Amiodarone,,,Oral,Tablet,,100mg,,,,,933f3f00,f7e4e646,fae17e00,3e724900,,360f14bf,,,,
Amiodarone,,,Parenteral,,,50mg per mL,3mL,,,,933f3f00,f7e4e646,88abe800,1b3b0b00,,,360a24bf,,,
Amitriptyline,,,Oral,Tablet,,10mg,,,,,933f3f00,6f073c09,ad19dd00,04052c00,,366864bf,,,,
Amitriptyline,,,Oral,Tablet,,25mg,,,,,933f3f00,6f073c09,ad19dd00,04052c00,,366d74bf,,,,
Amitriptyline,,,Oral,Tablet,,75mg,,,,,933f3f00,6f073c09,ad19dd00,04052c00,,367264bf,,,,
Amlodipine Besylate,,,Oral,Tablet,,5mg,,,,,933f3f00,ef33595d,11111111,199d0600,,366394bf,,,,
Amlodipine Maleate,,,Oral,Tablet,,5mg,,,,,933f3f00,bf8273cc,1a5fb100,cc83b000,,365004bf,,,,
Amlodipine Mesylate,,,Oral,Tablet,,5mg,,,,,933f3f00,846d01fe,48d3b300,0bafaa00,,365e84bf,,,,
Amodiaquine,,,Oral,Tablet,,153mg,,,,,933f3f00,c539c785,4bb7c500,61cb7400,,35fa94bf,,,,
Amodiaquine,,,Oral,Tablet,,200mg,,,,,933f3f00,c539c785,4bb7c500,61cb7400,,35ff74bf,,,,
Amodiaquine/Artesunate,,"c539c785, e15a8cba",Oral,Tablet,,135mg/50mg,,,,,933f3f00,5bef4863,b1c9ca00,e9e96500,,36af94bf,,,,
Amodiaquine/Artesunate,,"c539c785, e15a8cba",Oral,Tablet,,270mg/100mg,,,,,933f3f00,5bef4863,b1c9ca00,e9e96500,,369d84bf,,,,
Amodiaquine/Artesunate,,"c539c785, e15a8cba",Oral,Tablet,,67.5mg/25mg,,,,,933f3f00,5bef4863,b1c9ca00,e9e96500,,36a284bf,,,,
Amoxicillin,,,Oral,Capsule,,250mg,,,,,933f3f00,4231441c,4d0c6700,fad61900,,368c74bf,,,,
Amoxicillin,,,Oral,Capsule,,500mg,,,,,933f3f00,4231441c,4d0c6700,fad61900,,3692b4bf,,,,
Amoxicillin,,,Oral,Liquid,,25mg per mL,5mL,,,,933f3f00,4231441c,4d0c6700,f2d58e00,,,367c44bf,,,
Amoxicillin,,,Oral,Liquid,,50mg per mL,5mL,,,,933f3f00,4231441c,4d0c6700,f2d58e00,,,368674bf,,,
Amoxicillin/Clavulanic Acid,,,Oral,Liquid,,25mg/6.25mg per mL,5mL,,,,933f3f00,230fd746,2f9e9500,14a9b700,,,367734bf,,,
Amoxicillin/Clavulanic Acid,,,Oral,Liquid,,50mg/12.5mg per mL,5mL,,,,933f3f00,230fd746,2f9e9500,14a9b700,,,368154bf,,,
Amoxicillin/Clavulanic Acid,,,Oral,Tablet,,500mg/125mg,,,,,933f3f00,230fd746,2f9e9500,753d9e00,,369844bf,,,,
Amphotericin B Liposomal Complex,,,Parenteral,Powder for reconstitution,,50mg,,,,,933f3f00,bc1a17a4,66c07800,473d5b00,,36cc04bf,,,,
Amphotericin B Sodium Deoxycholate,,,Parenteral,Powder for reconstitution,,50mg,,,,,933f3f00,004f2240,2912b200,29aead00,,36c694bf,,,,
Ampicillin,,,Oral,Capsule,,250mg,,,,,933f3f00,c52ca9ee,69ab1600,b6758100,,46b3f43e,,,,
Ampicillin,,,Oral,Capsule,,500mg,,,,,933f3f00,c52ca9ee,69ab1600,b6758100,,528d0c00,,,,
Ampicillin,,,Oral,Liquid,,25mg per mL,5mL,,,,933f3f00,c52ca9ee,69ab1600,3522ba00,,,46b9f43e,,,
Ampicillin,,,Oral,Liquid,,50mg per mL,5mL,,,,933f3f00,c52ca9ee,69ab1600,3522ba00,,,46bf643e,,,
Ampicillin,,,Oral,Tablet,,250mg,,,,,933f3f00,c52ca9ee,69ab1600,a2180300,,46c4943e,,,,
Ampicillin,,,Parenteral,Powder for reconstitution,,1g,,,,,933f3f00,c52ca9ee,a586bc00,68fa8f00,,3654d4bf,,,,
Ampicillin,,,Parenteral,Powder for reconstitution,,500mg,,,,,933f3f00,c52ca9ee,a586bc00,68fa8f00,,3659b4bf,,,,
Anastrozole,,,Oral,Tablet,,1mg,,,,,933f3f00,4dda6d57,e7dde900,42e90800,,36b514bf,,,,
Anti-D Immunoglobulin,,,Parenteral,,,250mcg,,,,,933f3f00,c24cdb96,c903ab00,,,358324bf,,,,
Anti-rabies Immunoglobulin,,,Parenteral,,,150IU per mL,,,,,933f3f00,374f7380,60ffc200,,,357d94bf,,,,
Anti-tetanus Immunoglobulin,,,Parenteral,,,500IU per mL,,,,,933f3f00,20b55ebc,4a277d00,,,64f284bf,,,,
Artemether,,,Parenteral,,,80mg per mL,1mL,,,,933f3f00,2b6394cf,eb5c4c00,,,,36f4d4bf,,,
Artesunate,,,Oral,Tablet,,50mg,,,,,933f3f00,e15a8cba,a1b9df00,a0ad2600,,36da64bf,,,,
Artesunate,,,Rectal,Suppository,,200mg,,,,,933f3f00,e15a8cba,6daf5100,8fa05300,,36d0c4bf,,,,
Artesunate,,,Rectal,Suppository,,50mg,,,,,933f3f00,e15a8cba,6daf5100,8fa05300,,36d5b4bf,,,,
Artesunate/Mefloquine,,"e15a8cba, cabc6021",Oral,Tablet,,100mg/220mg,,,,,933f3f00,83797e61,d5b69400,05cb0700,,36eeb4bf,,,,
Artesunate/Mefloquine,,"e15a8cba, cabc6021",Oral,Tablet,,25mg/55mg,,,,,933f3f00,83797e61,d5b69400,05cb0700,,36f1c4bf,,,,
Ascorbic Acid,Vitamin C,,Oral,Tablet,,50mg,,,,,933f3f00,cf86d2a9,8b19ae00,ea89b900,,36eba4bf,,,,
Asparaginase,,,Parenteral,Powder for reconstitution,,10000IU,,,,,933f3f00,c97846fa,6e259800,ad8dfb00,,355614bf,,,,
Atazanavir,,,Oral,Capsule,,100mg,,,,,933f3f00,ebb38034,80a0d200,7685dc00,,3749c4bf,,,,
Atazanavir,,,Oral,Capsule,,150mg,,,,,933f3f00,ebb38034,80a0d200,7685dc00,,374dc4bf,,,,
Atazanavir,,,Oral,Capsule,,300mg,,,,,933f3f00,ebb38034,80a0d200,7685dc00,,375154bf,,,,
Atazanavir/Ritonavir,,"ebb38034, 8f3cd8d6",Oral,Tablet,,300mg/100mg,,,,,933f3f00,383326a5,5a7d2f00,67a33600,,46ca843e,,,,
Atenolol,,,Oral,Tablet,,100mg,,,,,933f3f00,853ae65a,450d2100,0e3b6000,,36fad4bf,,,,
Atenolol,,,Oral,Tablet,,50mg,,,,,933f3f00,853ae65a,450d2100,0e3b6000,,36f7d4bf,,,,
Atracurium,,,Parenteral,,,10mg per mL,2.5mL,,,,933f3f00,32d6de22,3e6ca300,,,,3729d4bf,,,
Atropine,,,Eye,Drop,,0.1%,,,,,933f3f00,46cf59d1,63ea2400,5d705700,,370404bf,,,,
Atropine,,,Eye,Drop,,0.5%,,,,,933f3f00,46cf59d1,63ea2400,5d705700,,371084bf,,,,
Atropine,,,Eye,Drop,,1%,,,,,933f3f00,46cf59d1,63ea2400,5d705700,,371a54bf,,,,
Atropine,,,Parenteral,,,1mg per mL,1mL,,,,933f3f00,46cf59d1,0f983500,,,,370d64bf,,,
Azathioprine,,,Oral,Tablet,,50mg,,,,,933f3f00,2d4f522e,41dc4b00,a0f5e200,,3723a4bf,,,,
Azathioprine,,,Parenteral,Powder for reconstitution,,100mg,,,,,933f3f00,2d4f522e,7d69be00,27d98900,,3726a4bf,,,,
Azithromycin,,,Eye,Drop,,1.5%,,,,,933f3f00,c267e1c3,28036c00,818ef100,,374364bf,,,,
Azithromycin,,,Oral,Capsule,,250mg,,,,,933f3f00,c267e1c3,8ac51d00,f0447f00,,373ad4bf,,,,
Azithromycin,,,Oral,Capsule,,500mg,,,,,933f3f00,c267e1c3,8ac51d00,f0447f00,,373f64bf,,,,
Azithromycin,,,Oral,Liquid,,40mg per mL,5mL,,,,933f3f00,c267e1c3,8ac51d00,a78d4600,,,373654bf,,,
Bedaquiline,,,Oral,Tablet,,100mg,,,,,933f3f00,4c3e3e92,63f5f000,1b7cf300,,3798d4bf,,,,
Bendamustine,,,Parenteral,,,90mg per mL,2mL,,,,933f3f00,3e06c494,c8b3ea00,,,,356b14bf,,,
Bendamustine,,,Parenteral,,,90mg per mL ,0.5mL,,,,933f3f00,3e06c494,c8b3ea00,,,,357294bf,,,
Benzathine Benzylpenicillin,Penicillin G Benzathine,,Parenteral,,,180mg [240000IU] per mL,5mL,,,,933f3f00,63399733,75ab0500,,,,3827b4bf,,,
Benzathine Benzylpenicillin,Penicillin G Benzathine,,Parenteral,,,360mg [480000IU] per mL ,5mL,,,,933f3f00,63399733,75ab0500,,,,382424bf,,,
Benznidazole,,,Oral,Tablet,,100mg,,,,,933f3f00,61fe4813,c0f1b400,9899a700,,37b684bf,,,,
Benznidazole,,,Oral,Tablet,,12.5mg,,,,,933f3f00,61fe4813,c0f1b400,9899a700,,37b074bf,,,,
Benznidazole,,,Oral,Tablet,,50mg,,,,,933f3f00,61fe4813,c0f1b400,9899a700,,37b384bf,,,,
Benzoyl Peroxide,,,Topical,Cream,,5%,,,,,933f3f00,549aa9de,d52dce00,04cd5900,,37ffd4bf,,,,
Benzoyl Peroxide,,,Topical,Lotion,,5%,,,,,933f3f00,549aa9de,d52dce00,35dab800,,381fc4bf,,,,
Benzyl Benzoate,,,Topical,Lotion,,25%,,,,,933f3f00,06111454,000fcf00,896b5600,,37ad34bf,,,,
Benzylpenicillin Potassium,,,Parenteral,Powder for reconstitution,,3g [5000000IU],,,,,933f3f00,fd883f35,12ee9b00,1afef200,,37e114bf,,,,
Benzylpenicillin Potassium,,,Parenteral,Powder for reconstitution,,600mg [1000000IU],,,,,933f3f00,fd883f35,12ee9b00,1afef200,,37b984bf,,,,
Benzylpenicillin Sodium,,,Parenteral,Powder for reconstitution,,3g [5000000IU],,,,,933f3f00,12e6911d,54e9ed00,20d4fc00,,37e4b4bf,,,,
Benzylpenicillin Sodium,,,Parenteral,Powder for reconstitution,,600mg [1000000IU],,,,,933f3f00,12e6911d,54e9ed00,20d4fc00,,37dcc4bf,,,,
Betamethasone,,,Topical,Cream,,0.1%,,,,,933f3f00,cd30cdb0,a834c100,8b448000,,376954bf,,,,
Betamethasone,,,Topical,Lotion,,0.1%,,,,,933f3f00,cd30cdb0,a834c100,d3d14300,,379474bf,,,,
Bevacizumab,,,Parenteral,,,25mg per mL,4mL,,,,933f3f00,aee45d38,14f6fa00,3121d500,,,37fc84bf,,,
Bicalutamide,,,Oral,Tablet,,50mg,,,,,933f3f00,dd3655ea,adcd4400,7446f700,,375be4bf,,,,
Biohazard Spill Kit,,,,,,,,,,,77fcbb00,a70125da,,,,,,,,
Biperidin,,,Oral,Tablet,,2mg ,,,,,933f3f00,265bd592,edc4eb00,87bc0200,,37eb14bf,,,,
Biperidin,,,Parenteral,,,5mg per mL,1mL,,,,933f3f00,265bd592,5b65de00,b4534800,,,37eed4bf,,,
Bisoprolol,,,Oral,Tablet,,1.25mg,,,,,933f3f00,c7203a8c,16f2bd00,c1fa8c00,,379c44bf,,,,
Bisoprolol,,,Oral,Tablet,,5mg,,,,,933f3f00,c7203a8c,16f2bd00,c1fa8c00,,379fb4bf,,,,
Bleomycin,,,Parenteral,Powder for reconstitution,,15mg,,,,,933f3f00,6e6c5fd2,66df1f00,763d6600,,37a954bf,,,,
Budesonide,,,Inhalation,Aerosol pressurised,,100mcg per dose,,,,,933f3f00,c8108ffd,7dfe9100,186e0a00,,3762a4bf,,,,
Budesonide,,,Inhalation,Aerosol pressurised,,200mcg per dose,,,,,933f3f00,c8108ffd,7dfe9100,186e0a00,,3765f4bf,,,,
Budesonide,,,Nasal,Spray,,100mcg per dose,,,,,933f3f00,c8108ffd,96fca500,2b7cd400,,375f54bf,,,,
Bupivacaine,,,Parenteral,,,2.5mg per mL,5mL,,,,933f3f00,149b7640,ed784700,,,,37f5b4bf,,,
Bupivacaine,,,Parenteral,,,5mg per mL,2mL,,,,933f3f00,149b7640,ed784700,,,,37f934bf,,,
Calcium Elemental,,,Oral,Tablet,,500mg,,,,,933f3f00,c87306c5,1911ee00,71a0f900,,385a64bf,,,,
Calcium Folinate ,"Folinic Acid/Leucovorin, Leucovorin Calcium",,Oral,Tablet,,15mg,,,,,933f3f00,f05f5887,df5f3b00,c02d1200,,382df4bf,,,,
Calcium Folinate ,"Folinic Acid/Leucovorin, Leucovorin Calcium",,Parenteral,,,3mg per mL,10mL,,,,933f3f00,f05f5887,45dfd800,,,,382ae4bf,,,
Calcium Gluconate,,,Parenteral,,,100mg per mL,10mL,,,,933f3f00,eb7feaaf,45df8d00,,,,398ac4bf,,,
Capecitabine,,,Oral,Tablet,,150mg,,,,,933f3f00,ef2f7efc,ac741c00,41b26f00,,385e74bf,,,,
Capecitabine,,,Oral,Tablet,,500mg,,,,,933f3f00,ef2f7efc,ac741c00,41b26f00,,3861d4bf,,,,
Capreomycin Base,,,Parenteral,Powder for reconstitution,,1g,,,,,933f3f00,30b9ed1a,07ec6100,529da000,,3bd684bf,,,,
Captopril,,,Oral,Tablet,,25mg,,,,,933f3f00,ec5b4167,412d9700,5731fe00,,9ee3e553,,,,
Carbamazepine,,,Oral,Liquid,,20mg per mL,5mL,,,,933f3f00,4d1c41f7,ca45e300,4c191a00,,,386864bf,,,
Carbamazepine,,,Oral,Tablet,Chewable,100mg,,,,,933f3f00,4d1c41f7,ca45e300,3c3b7500,7b006400,386be4bf,,,,
Carbamazepine,,,Oral,Tablet,Chewable,200mg,,,,,933f3f00,4d1c41f7,ca45e300,3c3b7500,7b006400,387314bf,,,,
Carbamazepine,,,Oral,Tablet,,100mg,,,,,933f3f00,4d1c41f7,ca45e300,3c3b7500,,386f24bf,,,,
Carbamazepine,,,Oral,Tablet,,200mg,,,,,933f3f00,4d1c41f7,ca45e300,3c3b7500,,387664bf,,,,
Carbidopa/Levodopa,,,Oral,Tablet,,10mg/100mg,,,,,933f3f00,92e08e9b,af2b2000,ca9d6300,,47cb74bf,,,,
Carbidopa/Levodopa,,,Oral,Tablet,,25mg/100mg,,,,,933f3f00,92e08e9b,af2b2000,ca9d6300,,47cf54bf,,,,
Carbidopa/Levodopa,,,Oral,Tablet,,25mg/250mg,,,,,933f3f00,92e08e9b,af2b2000,ca9d6300,,47d264bf,,,,
Carboplatin,,,Parenteral,,,10mg per mL,15mL,,,,933f3f00,e7a2b879,0b80c900,,,,3cf3f4bf,,,
Carboplatin,,,Parenteral,,,10mg per mL,45mL,,,,933f3f00,e7a2b879,0b80c900,,,,3d0ee4bf,,,
Carboplatin,,,Parenteral,,,10mg per mL,5mL,,,,933f3f00,e7a2b879,0b80c900,,,,3ccaa4bf,,,
Carboplatin,,,Parenteral,,,10mg per mL,60mL,,,,933f3f00,e7a2b879,0b80c900,,,,3d2c74bf,,,
Carvedilol,,,Oral,Tablet,,12.5mg,,,,,933f3f00,e58b91a0,7b806800,34bd8b00,,3d79b4bf,,,,
Carvedilol,,,Oral,Tablet,,25mg,,,,,933f3f00,e58b91a0,7b806800,34bd8b00,,3d7124bf,,,,
Carvedilol,,,Oral,Tablet,,3.125mg,,,,,933f3f00,e58b91a0,7b806800,34bd8b00,,3d84a4bf,,,,
Carvedilol,,,Oral,Tablet,,6.25mg,,,,,933f3f00,e58b91a0,7b806800,34bd8b00,,3d7f74bf,,,,
Cefalexin,Cephalexin,,Oral,Capsule,,250mg,,,,,933f3f00,72464bd5,dd522200,96b05d00,,38b4e4bf,,,,
Cefalexin,Cephalexin,,Oral,Liquid,,25mg per mL,5mL,,,,933f3f00,72464bd5,dd522200,c141ac00,,,38ade4bf,,,
Cefalexin,Cephalexin,,Oral,Liquid,,50mg per mL,5mL,,,,933f3f00,72464bd5,dd522200,c141ac00,,,38b174bf,,,
Cefazolin,,,Parenteral,Powder for reconstitution,,1g,,,,,933f3f00,7cb23ae1,ed89bf00,54bd8600,,38ed14bf,,,,
Cefixime,,,Oral,Capsule,,400mg,,,,,933f3f00,03f6b061,8afe3100,14a83000,,38b814bf,,,,
Cefotaxime,,,Parenteral,Powder for reconstitution,,250mg,,,,,933f3f00,24df2295,a2663300,68f82a00,,3d89c4bf,,,,
Ceftazidime,,,Parenteral,Powder for reconstitution,,1g,,,,,933f3f00,49e4ae1e,f5de4500,1d57f400,,38e2a4bf,,,,
Ceftazidime,,,Parenteral,Powder for reconstitution,,250mg,,,,,933f3f00,49e4ae1e,f5de4500,1d57f400,,38e924bf,,,,
Ceftriaxone,,,Parenteral,Powder for reconstitution,,1g,,,,,933f3f00,4514be69,ec66e700,9ec60e00,,38db24bf,,,,
Ceftriaxone,,,Parenteral,Powder for reconstitution,,250mg,,,,,933f3f00,4514be69,ec66e700,9ec60e00,,38df44bf,,,,
Chlorambucil,,,Oral,Tablet,,2mg ,,,,,933f3f00,5ef64fe6,2634f800,7adfdb00,,3abfd4bf,,,,
Chloramphenicol,,,Oral,Capsule,,250mg,,,,,933f3f00,5b66ffca,21633c00,07650f00,,3b1934bf,,,,
Chloramphenicol,,,Oral,Liquid,,30mg per mL,5mL,,,,933f3f00,5b66ffca,21633c00,586b9600,,,3b1394bf,,,
Chloramphenicol,,,Parenteral,Powder for reconstitution,,1g,,,,,933f3f00,5b66ffca,382b3200,fe652d00,,3ae534bf,,,,
Chloramphenicol,,,Parenteral,,,500mg per mL,2mL,,,,933f3f00,5b66ffca,382b3200,,,,3ac564bf,,,
Chlorhexidine,,,Topical,Cream,,1%,,,,,933f3f00,9cb489bf,8c340100,ec46c000,,2248c5dd,,,,
Chlorhexidine Digluconate,,,Topical,Solution,,5%,,,,,933f3f00,8bbc592a,89ca8300,680b3a00,,394894bf,,,,
Chlorpromazine,,,Oral,Liquid,,5mg per mL,5mL,,,,933f3f00,db82b9b7,d3838400,ac243700,,,3c1d04bf,,,
Chlorpromazine,,,Oral,Tablet,,100mg,,,,,933f3f00,db82b9b7,d3838400,b8ce1e00,,3c7a34bf,,,,
Chlorpromazine,,,Oral,Tablet,,10mg,,,,,933f3f00,db82b9b7,d3838400,b8ce1e00,,3bdf54bf,,,,
Chlorpromazine,,,Oral,Tablet,,25mg,,,,,933f3f00,db82b9b7,d3838400,b8ce1e00,,3c4194bf,,,,
Chlorpromazine,,,Oral,Tablet,,50mg,,,,,933f3f00,db82b9b7,d3838400,b8ce1e00,,3c5f24bf,,,,
Chlorpromazine,,,Parenteral,,,25mg per mL,2mL,,,,933f3f00,db82b9b7,d8e51500,,,,3bfad4bf,,,
Cholecalciferol,"Colecalciferol, Vitamin D3",,Oral,Capsule,,10mcg [400IU],,,,,933f3f00,38f152c8,ff2c6900,56fd8800,,391e34bf,,,,
Cholecalciferol,"Colecalciferol, Vitamin D3",,Oral,Capsule,,25mcg [1000IU],,,,,933f3f00,38f152c8,ff2c6900,56fd8800,,391194bf,,,,
Cholecalciferol,"Colecalciferol, Vitamin D3",,Oral,Liquid,,10mcg [400IU] per ml,1mL,,,,933f3f00,38f152c8,ff2c6900,7ec62b00,,,391504bf,,,
Ciclosporin ,Cyclosporine,,Oral,Capsule,,25mg,,,,,933f3f00,98f96777,69b84200,b1fdfd00,,395004bf,,,,
Cilastatin/Imipenem,,,Parenteral,Powder for reconstitution,,250mg/250mg ,,,,,933f3f00,9f973739,bf9fd700,74db3e00,,462c74bf,,,,
Cilastatin/Imipenem,,,Parenteral,Powder for reconstitution,,500mg/500mg,,,,,933f3f00,9f973739,bf9fd700,74db3e00,,463034bf,,,,
Ciprofloxacin,,,Eye,Drop,,0.3%,,,,,933f3f00,e04dada1,8a795000,6d72d300,,395354bf,,,,
Ciprofloxacin,,,Oral,Liquid,,50mg per mL,5mL,,,,933f3f00,e04dada1,6c445f00,,,,3b5964bf,,,
Ciprofloxacin,,,Oral,Tablet,,250mg,,,,,933f3f00,e04dada1,6c445f00,d08dd100,,3b64a4bf,,,,
Ciprofloxacin,,,Parenteral,,,2mg per mL,100mL,,,,933f3f00,e04dada1,2dd8cc00,,,,3b3e54bf,,,
Cisplatin,,,Parenteral,,,1mg per mL,100mL,,,,933f3f00,005af9d7,82524a00,,,,3c94f4bf,,,
Cisplatin,,,Parenteral,,,1mg per mL,50mL,,,,933f3f00,005af9d7,82524a00,,,,3cafc4bf,,,
Clarithromycin,,,Oral,Tablet,,500mg,,,,,933f3f00,95dae725,3a4fe500,9e831400,,39c3f4bf,,,,
Clindamycin,,,Oral,Capsule,,150mg,,,,,933f3f00,864db7da,ae4a2e00,e2f83900,,399514bf,,,,
Clindamycin,,,Oral,Liquid,,15mg per mL,5mL,,,,933f3f00,864db7da,ae4a2e00,5eda1800,,,39be44bf,,,
Clindamycin,,,Parenteral,,,150mg per mL,4mL,,,,933f3f00,864db7da,7d658700,,,,3999f4bf,,,
Clofazimine,,,Oral,Capsule,,100mg,,,,,933f3f00,66f814b9,4d707b00,4af95200,,3983b4bf,,,,
Clofazimine,,,Oral,Capsule,,50mg,,,,,933f3f00,66f814b9,4d707b00,4af95200,,396294bf,,,,
Clomifene,Clomiphene,,Oral,Tablet,,50mg,,,,,933f3f00,81f4ba19,267acd00,87a25c00,,399054bf,,,,
Clomipramine,,,Oral,Capsule,,10mg,,,,,933f3f00,8c332913,3927af00,95a3b600,,3aca94bf,,,,
Clomipramine,,,Oral,Capsule,,25mg,,,,,933f3f00,8c332913,3927af00,95a3b600,,3af014bf,,,,
Clopidogrel,,,Oral,Tablet,,300mg,,,,,933f3f00,305025ce,5d0ba100,e03fe000,,3b8e44bf,,,,
Clopidogrel,,,Oral,Tablet,,75mg,,,,,933f3f00,305025ce,5d0ba100,e03fe000,,3b88a4bf,,,,
Clotrimazole,,,Topical,Cream,,1% [10g],,,,,933f3f00,13b9ba00,7a5f2300,30cd5a00,,39da14bf,,,,
Clotrimazole,,,Topical,Cream,,1% [1g],,,,,933f3f00,13b9ba00,7a5f2300,30cd5a00,,39c8d4bf,,,,
Clotrimazole,,,Topical,Cream,,10% [1g],,,,,933f3f00,13b9ba00,7a5f2300,30cd5a00,,39d324bf,,,,
Clotrimazole,,,Topical,Cream,,10% [5g],,,,,933f3f00,13b9ba00,7a5f2300,30cd5a00,,39fe84bf,,,,
Cloxacillin,,,Oral,Capsule,,1g,,,,,933f3f00,e0bb9d71,9d2ad700,c83a3e00,,3a7134bf,,,,
Cloxacillin,,,Oral,Capsule,,500mg,,,,,933f3f00,e0bb9d71,9d2ad700,c83a3e00,,3a96e4bf,,,,
Cloxacillin,,,Oral,Liquid,,25mg per mL,5mL,,,,933f3f00,e0bb9d71,9d2ad700,cecaa800,,,3a9134bf,,,
Cloxacillin,,,Parenteral,Powder for reconstitution,,1g,,,,,933f3f00,e0bb9d71,af1eb500,bf56a400,,3356fc00,,,,
Cloxacillin,,,Parenteral,Powder for reconstitution,,500mg,,,,,933f3f00,e0bb9d71,af1eb500,bf56a400,,3a9b74bf,,,,
Clozapine,,,Oral,Tablet,,100mg,,,,,933f3f00,144fe724,33decb00,f4ee6200,,3a0db4bf,,,,
Clozapine,,,Oral,Tablet,,200mg,,,,,933f3f00,144fe724,33decb00,f4ee6200,,3a2854bf,,,,
Clozapine,,,Oral,Tablet,,25mg,,,,,933f3f00,144fe724,33decb00,f4ee6200,,3a0404bf,,,,
Clozapine,,,Oral,Tablet,,50mg,,,,,933f3f00,144fe724,33decb00,f4ee6200,,3a08d4bf,,,,
Coagulation Factor IX,,,Parenteral,Powder for reconstitution,,1000IU,,,,,933f3f00,413491ac,10db9d00,0fbfec00,,38aa24bf,,,,
Coagulation Factor IX,,,Parenteral,Powder for reconstitution,,500IU,,,,,933f3f00,413491ac,10db9d00,0fbfec00,,38a3b4bf,,,,
Coagulation Factor VIII,,,Parenteral,Powder for reconstitution,,500IU,,,,,933f3f00,f9259e6d,cb0eff00,612dc600,,422dc4bf,,,,
Coal Tar,,,Topical,Solution,,5%,,,,,933f3f00,8bd32da4,76ad7100,1e9a7000,,3d6b74bf,,,,
Codeine,,,Oral,Tablet,,30mg,,,,,933f3f00,d9d1d59b,1d8f7300,2c7c6a00,,388fb4bf,,,,
Condom Female,,,,,,,,,,,77fcbb00,bf4be518,,,,,,,,
Condom Male,,,,,,Apple,,,,,77fcbb00,3b3444bf,,,,46d1043e,,,,
Condom Male,,,,,,Grape,,,,,77fcbb00,3b3444bf,,,,46d8143e,,,,
Condom Male,,,,,,Rose,,,,,77fcbb00,3b3444bf,,,,46ddf43e,,,,
Condom Male,,,,,,Strawberry,,,,,77fcbb00,3b3444bf,,,,46e3d43e,,,,
Condom Male,,,,,,Varied,,,,,77fcbb00,3b3444bf,,,,a162942e,,,,
Cyclizine,,,Oral,Tablet,,50mg,,,,,933f3f00,da2bd345,b6fe3400,8f9e4e00,,395d64bf,,,,
Cyclizine,,,Parenteral,,,50mg per mL,1mL,,,,933f3f00,da2bd345,0c518500,,,,3956b4bf,,,
Cyclopentolate,,,Eye,Drop,,0.1%,,,,,933f3f00,3522c9ee,377bd900,77cf3800,,370704bf,,,,
Cyclopentolate,,,Eye,Drop,,0.5%,,,,,933f3f00,3522c9ee,377bd900,77cf3800,,371374bf,,,,
Cyclopentolate,,,Eye,Drop,,1%,,,,,933f3f00,3522c9ee,377bd900,77cf3800,,371d74bf,,,,
Cyclophosphamide,,,Oral,Tablet,,25mg,,,,,933f3f00,778ebe07,e7317c00,befa4f00,,3d9944bf,,,,
Cyclophosphamide,,,Parenteral,Powder for reconstitution,,500mg,,,,,933f3f00,778ebe07,bf111b00,c0977200,,3d9e44bf,,,,
Cycloserine,,,Oral,Tablet,,250mg,,,,,933f3f00,be6cf2b3,16abd600,a2734100,,3d6384bf,,,,
Cytarabine,,,Parenteral,Powder for reconstitution,,100mg,,,,,933f3f00,77e2f4a0,b6890000,0403c300,,3d9414bf,,,,
Dacarbazine,,,Parenteral,Powder for reconstitution,,100mg,,,,,933f3f00,1caebee3,4387ef00,faa4da00,,3dc8f4bf,,,,
Daclatasvir,,,Oral,Capsule,,30mg,,,,,933f3f00,912f22b7,,,,3dcdf4bf,,,,
Dactinomycin,,,Parenteral,Powder for reconstitution,,500mcg,,,,,933f3f00,6871e9cc,cd765e00,b233a900,,3dd304bf,,,,
Dapsone,,,Oral,Tablet,,100mg,,,,,933f3f00,82270b05,6ae7c800,bc076b00,,3dacf4bf,,,,
Dapsone,,,Oral,Tablet,,25mg,,,,,933f3f00,82270b05,6ae7c800,bc076b00,,3da324bf,,,,
Dapsone,,,Oral,Tablet,,50mg,,,,,933f3f00,82270b05,6ae7c800,bc076b00,,3da814bf,,,,
Darunavir,,,Oral,Tablet,,400mg,,,,,933f3f00,341a1d78,46f48200,5b493d00,,3e97a4bf,,,,
Darunavir,,,Oral,Tablet,,600mg,,,,,933f3f00,341a1d78,46f48200,5b493d00,,3e9cf4bf,,,,
Darunavir,,,Oral,Tablet,,75mg,,,,,933f3f00,341a1d78,46f48200,5b493d00,,3e90c4bf,,,,
Darunavir,,,Oral,Tablet,,800mg,,,,,933f3f00,341a1d78,46f48200,5b493d00,,3ea1b4bf,,,,
Dasabuvir,,,Oral,Tablet,,250mg,,,,,933f3f00,bbd6ca41,6ef70c00,f1e99f00,,3db9f4bf,,,,
Daunorubicin,,,Parenteral,Powder for reconstitution,,50mg,,,,,933f3f00,1948cdda,1f1de600,a55d1100,,3db474bf,,,,
Deferoxamine,Desferrioxamine,,Parenteral,Powder for reconstitution,,500mg,,,,,933f3f00,1860e769,590b9000,1abc1300,,3e59c4bf,,,,
Delamanid,,,Oral,Tablet,,50mg,,,,,933f3f00,5044f1b5,2f768a00,13e32500,,3e86c4bf,,,,
Desmopressin Acetate,,,Parenteral,,,4mcg per mL,1mL,,,,933f3f00,dfab3a0c,6ec95400,,,,3e8ba4bf,,,
Dexamethasone,,,Oral,Liquid,,400mcg per mL,5mL,,,,933f3f00,7070ce28,8ac26e00,7e8f7900,,,3e3574bf,,,
Dexamethasone,,,Oral,Tablet,,0.5mg ,,,,,933f3f00,7070ce28,8ac26e00,f9145800,,3e2b64bf,,,,
Dexamethasone,,,Oral,Tablet,,0.75mg,,,,,933f3f00,7070ce28,8ac26e00,f9145800,,3e3064bf,,,,
Dexamethasone,,,Oral,Tablet,,1.5mg ,,,,,933f3f00,7070ce28,8ac26e00,f9145800,,3e4ad4bf,,,,
Dexamethasone,,,Oral,Tablet,,2mg ,,,,,933f3f00,7070ce28,8ac26e00,f9145800,,3e3ae4bf,,,,
Dexamethasone,,,Oral,Tablet,,4mg,,,933f3f00,,933f3f00,7070ce28,8ac26e00,f9145800,,3e45d4bf,,,,
Dexamethasone,,,Parenteral,Powder for reconstitution,,4mg,,,,,933f3f00,7070ce28,f592c700,37c1bb00,,46e9743e,,,,
Dexamethasone,,,Parenteral,,,4mg per mL,1mL,,,,933f3f00,7070ce28,f592c700,,,,3e40b4bf,,,
Dexamethasone,,,Parenteral,,,4mg per mL,2mL,,,,933f3f00,7070ce28,f592c700,,,,6c121c00,,,
Dextran 70,,,Parenteral,Solution,,6%,,,,,933f3f00,dc40cff3,48109c00,80dcef00,,3e54b4bf,,,,
Diazepam,,,Oral,Liquid,,400mcg per mL,5mL,,,,933f3f00,886975a0,846ae100,f7222000,,,3eea94bf,,,
Diazepam,,,Oral,Tablet,,10mg,,,,,933f3f00,886975a0,846ae100,8eb86300,,3f12e4bf,,,,
Diazepam,,,Oral,Tablet,,2mg ,,,,,933f3f00,886975a0,846ae100,8eb86300,,3ef344bf,,,,
Diazepam,,,Oral,Tablet,,5mg,,,,,933f3f00,886975a0,846ae100,8eb86300,,3f0c34bf,,,,
Diazepam,,,Parenteral,,,5mg per mL,2mL,,,,933f3f00,886975a0,2383f600,,,,3f01c4bf,,,
Diazepam,,,Rectal,Gel,,5mg per mL,2mL,,,,933f3f00,886975a0,e8c19a00,a841f500,,,3ee5a4bf,,,
Diazepam,,,Rectal,Gel,,5mg per mL,4mL,,,,933f3f00,886975a0,e8c19a00,a841f500,,,3efaa4bf,,,
Diazepam,,,Rectal,Gel,,5mg per mL ,0.5mL,,,,933f3f00,886975a0,e8c19a00,a841f500,,,3edeb4bf,,,
Diazepam,,,Rectal,Solution,,2mg per mL,1.25mL,,,,933f3f00,886975a0,e8c19a00,70ece400,,,3ef6d4bf,,,
Diazepam,,,Rectal,Solution,,2mg per mL,2.5mL,,,,933f3f00,886975a0,e8c19a00,70ece400,,,3f0554bf,,,
Diazepam,,,Rectal,Solution,,4mg per mL ,2.5mL,,,,933f3f00,886975a0,e8c19a00,70ece400,,,3f08d4bf,,,
Diethylcarbamazine,,,Oral,Tablet,,100mg,,,,,933f3f00,d6f2b2e9,b1681700,c18f4900,,3dc3e4bf,,,,
Diethylcarbamazine,,,Oral,Tablet,,50mg,,,,,933f3f00,d6f2b2e9,b1681700,c18f4900,,3dbed4bf,,,,
Digoxin,,,Oral,Liquid,,50mcg per mL,1mL,,,,933f3f00,00f9bb8a,7f400b00,27caa200,,,3e5ee4bf,,,
Digoxin,,,Oral,Tablet,,250mcg,,,,,933f3f00,00f9bb8a,7f400b00,3946dd00,,3e6e24bf,,,,
Digoxin,,,Oral,Tablet,,62.5mcg,,,,,933f3f00,00f9bb8a,7f400b00,3946dd00,,3e63e4bf,,,,
Digoxin,,,Parenteral,,,250mcg per mL,2mL,,,,933f3f00,00f9bb8a,b354e800,,,,3e6924bf,,,
Diloxanide,,,Oral,Tablet,,500mg,,,,,933f3f00,070963de,537e2c00,c8d43f00,,3edb74bf,,,,
Dimercaprol,,,Parenteral,,,50mg per mL,2mL,,,,933f3f00,feadc010,0cde0600,,,,3e10a4bf,,,
Diphtheria Antitoxin,,,Parenteral,,,10000IU,,,,,933f3f00,8a1e8d25,849cb100,,,3e77f4bf,,,,
Diphtheria Antitoxin,,,Parenteral,,,20000IU,,,,,933f3f00,8a1e8d25,c1ccb000,,,3e7d04bf,,,,
Disposable Apron,,,,,,,,,,,77fcbb00,d3c2e5da,,,,,,,,
Disposable Surgical Gown,,,,,,Large,,,,,77fcbb00,4679c400,,,,169825da,,,,
Disposable Surgical Gown,,,,,,Medium,,,,,77fcbb00,4679c400,,,,abb465da,,,,
Disposable Surgical Gown,,,,,,Small,,,,,77fcbb00,4679c400,,,,042e35da,,,,
Disposable Surgical Gown Sterile,,,,,,Large,,,,,77fcbb00,fc417700,,,,d40f75da,,,,
Disposable Surgical Gown Sterile,,,,,,Medium,,,,,77fcbb00,fc417700,,,,8babc5da,,,,
Disposable Surgical Gown Sterile,,,,,,Small,,,,,77fcbb00,fc417700,,,,e0c0d5da,,,,
Docetaxel,,,Parenteral,,,20mg per mL,1mL,,,,933f3f00,5590ad36,ccf8b300,,,,3e2644bf,,,
Docusate Sodium,,,Oral,Capsule,,100mg,,,,,933f3f00,31f33b4e,5340aa00,f904c500,,3e2144bf,,,,
Docusate Sodium,,,Oral,Liquid,,10mg per mL,5mL,,,,933f3f00,31f33b4e,5340aa00,cde47400,,,3e1b94bf,,,
Dolutegravir/Lamivudine/Tenofovir Disoproxil Fumarate,,94c7fd10/493bb97e/dc841f56,Oral,Tablet,,50mg/300mg/300mg,,,,,933f3f00,cd15a1dd,39e36100,7b0c1a00,,47d8e43e,,,,
Dopamine,,,Parenteral,,,40mg per mL,5mL,,,,933f3f00,4089af2c,acc16700,,,,3ec934bf,,,
Doxorubicin,,,Parenteral,Powder for reconstitution,,10mg,,,,,933f3f00,bd4ddb01,e7b68e00,e0331900,,3ebf54bf,,,,
Doxorubicin,,,Parenteral,Powder for reconstitution,,50mg,,,,,933f3f00,bd4ddb01,e7b68e00,e0331900,,3ec444bf,,,,
Doxycycline,,,Oral,Capsule,,100mg,,,,,933f3f00,092081c5,6aa97800,1f825b00,,3ea664bf,,,,
Doxycycline,,,Oral,Capsule,,50mg,,,,,933f3f00,092081c5,6aa97800,1f825b00,,3ed804bf,,,,
Doxycycline,,,Oral,LIquid,,10mg per mL,5mL,,,,933f3f00,092081c5,6aa97800,f443b200,,,3ed304bf,,,
Doxycycline,,,Oral,Liquid,,5mg per mL,5mL,,,,933f3f00,092081c5,6aa97800,f443b200,,,3ece24bf,,,
Doxycycline,,,Oral,Tablet,Dispersible,100mg,,,,,933f3f00,092081c5,6aa97800,cc1bad00,b23fbc00,3eba34bf,,,,
Doxycycline,,,Oral,Tablet,,100mg,,,,,933f3f00,092081c5,6aa97800,cc1bad00,,3eb054bf,,,,
Efavirenz,"EFV, EFZ",,Oral,Capsule,,100mg,,,,,933f3f00,4e04534a,66cf8f00,042c1600,,3f53c4bf,,,,
Efavirenz,"EFV, EFZ",,Oral,Capsule,,200mg,,,,,933f3f00,4e04534a,66cf8f00,042c1600,,3f5764bf,,,,
Efavirenz,"EFV, EFZ",,Oral,Capsule,,50mg,,,,,933f3f00,4e04534a,66cf8f00,042c1600,,3f2ad4bf,,,,
Efavirenz,"EFV, EFZ",,Oral,Tablet,,200mg,,,,,933f3f00,4e04534a,66cf8f00,2af28100,,3f5ad4bf,,,,
Efavirenz,"EFV, EFZ",,Oral,Tablet,,600mg,,,,,933f3f00,4e04534a,66cf8f00,2af28100,,3f4ed4bf,,,,
Efavirenz/Emtricitabine/Tefonovir Disoproxil Fumarate,,4e04534a/14264mmh/dc841f56,Oral,Tablet,,600mg/200mg/300mg,,,,,933f3f00,ed88fb82,2a0b4000,67f3ba00,,3f5e44bf,,,,
Efavirenz/Lamivudine/Tenofovir Disoproxil Fumarate,,4e04534a/493bb97e/dc841f56,Oral,Tablet,,600mg/300mg/300mg,,,,,933f3f00,28784a46,58b8a000,e3f4e300,,b3044cdc,,,,
Efavirenz/Lamivudine/Zidovudine,,4e04534a/493bb97e/02ac6c47,Oral,Tablet,,600mg/150mg/300mg,,,,,933f3f00,1f19f881,9a611300,84878a00,,9ed445dd,,,,
Eflornithine,,,Parenteral,,,200mcg per mL,100mL,,,,933f3f00,636d7bd8,1b2b9500,,,,3f2464bf,,,
Emtricitabine/Tefonovir Disoproxil Fumarate,,14264mmh/dc841f56,Oral,Tablet,,200mg/300mg,,,,,933f3f00,22376459,a49eb700,d95e9e00,,3fb0e4bf,,,,
Enalapril,,,Oral,Tablet,,2.5mg,,,,,933f3f00,ac07394b,7f7ae900,e588ab00,,3fd444bf,,,,
Enalapril,,,Oral,Tablet,,5mg,,,,,933f3f00,ac07394b,7f7ae900,e588ab00,,3fd864bf,,,,
Enoxaparin,,,Parenteral,,,100mg per mL,0.2mL,Ampoule,,,933f3f00,f2dbaa1a,5f70c200,,,3c6c5100,,4099f4bf,,
Enoxaparin,,,Parenteral,,,100mg per mL,0.2mL,Pre-filled syringe,,,933f3f00,f2dbaa1a,5f70c200,,,3c6c5100,,409d74bf,,
Enoxaparin,,,Parenteral,,,100mg per mL,0.4mL,Ampoule,,,933f3f00,f2dbaa1a,5f70c200,,,e0ddd000,,40a0c4bf,,
Enoxaparin,,,Parenteral,,,100mg per mL,0.4mL,Pre-filled syringe,,,933f3f00,f2dbaa1a,5f70c200,,,e0ddd000,,40a434bf,,
Enoxaparin,,,Parenteral,,,100mg per mL,0.6mL,Ampoule,,,933f3f00,f2dbaa1a,5f70c200,,,9c455300,,40a774bf,,
Enoxaparin,,,Parenteral,,,100mg per mL,0.6mL,Pre-filled syringe,,,933f3f00,f2dbaa1a,5f70c200,,,9c455300,,40aaa4bf,,
Enoxaparin,,,Parenteral,,,100mg per mL,0.8mL,Ampoule,,,933f3f00,f2dbaa1a,5f70c200,,,5fdaca00,,40c374bf,,
Enoxaparin,,,Parenteral,,,100mg per mL,0.8mL,Pre-filled syringe,,,933f3f00,f2dbaa1a,5f70c200,,,5fdaca00,,40c714bf,,
Enoxaparin,,,Parenteral,,,100mg per mL,1mL,Ampoule,,,933f3f00,f2dbaa1a,5f70c200,,,c5554c00,,406044bf,,
Enoxaparin,,,Parenteral,,,100mg per mL,1mL,Pre-filled syringe,,,933f3f00,f2dbaa1a,5f70c200,,,c5554c00,,406404bf,,
Enoxaparin,,,Parenteral,,,150mg per mL,0.8mL,Ampoule,,,933f3f00,f2dbaa1a,5f70c200,,,37cedf00,,406744bf,,
Enoxaparin,,,Parenteral,,,150mg per mL,0.8mL,Pre-filled syringe,,,933f3f00,f2dbaa1a,5f70c200,,,37cedf00,,406ff4bf,,
Enoxaparin,,,Parenteral,,,150mg per mL,1mL,Ampoule,,,933f3f00,f2dbaa1a,5f70c200,,,726e2600,,407374bf,,
Enoxaparin,,,Parenteral,,,150mg per mL,1mL,Pre-filled syringe,,,933f3f00,f2dbaa1a,5f70c200,,,726e2600,,409604bf,,
Entecavir,,,Oral,Solution,,0.05mg per mL,210mL,,,,933f3f00,984de62d,63b66500,dc4f9400,,,3fdc04bf,,,
Entecavir,,,Oral,Tablet,,0.5mg ,,,,,933f3f00,984de62d,63b66500,ee7aae00,,3fdf54bf,,,,
Entecavir,,,Oral,Tablet,,1mg,,,,,933f3f00,984de62d,63b66500,ee7aae00,,3fe2b4bf,,,,
Ephedrine,,,Parenteral,,,30mg per mL,1mL,,,,933f3f00,87dbeb67,8466b900,,,,3fe614bf,,,
Epinephrine,Adrenaline,,Eye,Drop,,2%,,,,,933f3f00,db72458a,de52fb00,2dbedc00,,3fe954bf,,,,
Epinephrine,Adrenaline,,Parenteral,,,1mg per mL,1mL,,,,933f3f00,db72458a,548e9800,,,,3feca4bf,,,
Ergocalciferol,,,Oral,Capsule,,1.25mg [50000IU],,,,,933f3f00,27a7b426,58d22f00,be0a2100,,390dc4bf,,,,
Ergocalciferol,,,Oral,Solution,,250mcg [10000IU] per mL,60mL,,,,933f3f00,27a7b426,58d22f00,00a43600,,,38f414bf,,,
Ergometrine,,,Parenteral,,,200mcg per mL,1mL,,,,933f3f00,caa586d2,d7446000,,,,3f6264bf,,,
Erythromycin,,,Oral,Capsule,,250mg,,,,,933f3f00,25c2a9b7,67a53500,cfc32400,,3fa194bf,,,,
Erythromycin,,,Oral,Liquid,,25mg per mL,5mL,,,,933f3f00,25c2a9b7,67a53500,bde55700,,,3f9194bf,,,
Erythromycin,,,Parenteral,Powder for reconstitution,,500mg,,,,,933f3f00,25c2a9b7,4751a300,b3f5da00,,3fa4d4bf,,,,
Estradiol Cypionate/Medroxyprogesterone Acetate,,3ah96800/0f4b1c0d,Parenteral,,,10mg/50mg per mL,0.5mL,,,,933f3f00,3c08015d,700abe00,,,,401b34bf,,,
Ethambutol,,,Oral,Suspension,,25mg per mL,,,,,933f3f00,64ecb198,13f68900,691f2800,,402cb4bf,,,,
Ethambutol,,,Oral,Tablet,,100mg,,,,,933f3f00,64ecb198,13f68900,56e14b00,,403004bf,,,,
Ethambutol,,,Oral,Tablet,,200mg,,,,,933f3f00,64ecb198,13f68900,56e14b00,,403354bf,,,,
Ethambutol,,,Oral,Tablet,,400mg,,,,,933f3f00,64ecb198,13f68900,56e14b00,,403694bf,,,,
Ethambutol/Isoniazid,,64ecb198/0869a14e,Oral,Tablet,,400mg/150mg,,,,,933f3f00,47be8d1d,b5e6e200,4ff21d00,,649a94bf,,,,
Ethambutol/Isoniazid/Pyrazinamide/Rifampicin,,64ecb198/0869a14e/7b75ca3c/71e4d8ea,Oral,Tablet,,275mg/75mg/400mg/150mg,,,,,933f3f00,e806199e,cc7c6c00,26d97f00,,3f6604bf,,,,
Ethambutol/Isoniazid/Rifampicin,,64ecb198/0869a14e/71e4d8ea,Oral,Tablet,,275mg/75mg/150mg,,,,,933f3f00,165c0c6a,97ce4600,f4cbf100,,3f6ad4bf,,,,
Ethinylestradiol/Levonorgestrel,,906aj900/2a2ca230,Oral,Tablet,,30mcg/150mcg,,,,,933f3f00,64c43458,3e3ef000,f0a1f300,,402924bf,,,,
Ethinylestradiol/Norethisterone,,906aj900/422942rn,Oral,Tablet,,35mcg/1mg,,,,,933f3f00,72ddeae6,1d44ea00,fbf80500,,404fb4bf,,,,
Ethionamide,,,Oral,Tablet,,125mg,,,,,933f3f00,2b9aee30,a20ab400,994ea700,,3fa804bf,,,,
Ethionamide,,,Oral,Tablet,,250mg,,,,,933f3f00,2b9aee30,a20ab400,994ea700,,3fada4bf,,,,
Ethosuximide,,,Oral,Capsule,,250mg,,,,,933f3f00,cc0368ea,e70ece00,932a5900,,402284bf,,,,
Ethosuximide,,,Oral,Liquid,,50mg per mL,5mL,,,,933f3f00,cc0368ea,e70ece00,3ec3b800,,,4025e4bf,,,
Etonogestrel,,,Subdermal,Implant,,68mg,,,,,933f3f00,4903422b,3ee4cf00,dc339b00,,3ff944bf,,,,
Etoposide,,,Oral,Capsule,,100mg,,,,,933f3f00,8d1a2536,7056ed00,c28dfc00,,405c74bf,,,,
Etoposide,,,Parenteral,,,20mg per mL,5mL,,,,933f3f00,8d1a2536,132ff200,,,,4053a4bf,,,
Examination Glove,,,,,,Extra Large,,,,,77fcbb00,ffd9a200,,,,c80865da,,,,
Examination Glove,,,,,,Large,,,,,77fcbb00,ffd9a200,,,,a73555da,,,,
Examination Glove,,,,,,Medium,,,,,77fcbb00,ffd9a200,,,,8d3625da,,,,
Examination Glove,,,,,,Small,,,,,77fcbb00,ffd9a200,,,,ad5f65da,,,,
Filgrastim,,,Parenteral,,,300mcg per mL,1.6mL,Vial,,,933f3f00,97dbcd9a,46b00400,,,94c7fa00,,414124bf,,
Filgrastim,,,Parenteral,,,300mcg per mL,1mL,Vial,,,933f3f00,97dbcd9a,46b00400,,,86cd8000,,411484bf,,
Filgrastim,,,Parenteral,,,600mcg per mL,0.5mL,Pre-filled syringe,,,933f3f00,97dbcd9a,46b00400,,,60ec5600,,412f14bf,,
Filgrastim,,,Parenteral,,,600mcg per mL,0.8mL,Pre-filled syringe,,,933f3f00,97dbcd9a,46b00400,,,65b1c100,,413bb4bf,,
Filgrastim,,,Parenteral,,,600mg per mL,0.2mL,Pre-filled syringe,,,933f3f00,97dbcd9a,46b00400,,,52d47d00,,410e64bf,,
Fluconazole,,,Oral,Capsule,,50mg,,,,,933f3f00,051cd6f6,e53bf700,1c86de00,,40d364bf,,,,
Fluconazole,,,Oral,Liquid,,10mg per mL,5mL,,,,933f3f00,051cd6f6,e53bf700,a7022900,,,40d6e4bf,,,
Fluconazole,,,Parenteral,,,2mg per mL,25mL,,,,933f3f00,051cd6f6,35aed500,,,,40cfb4bf,,,
Flucytosine,,,Oral,Capsule,,250mg,,,,,933f3f00,578553c4,3b49eb00,f32d0200,,410744bf,,,,
Flucytosine,,,Parenteral,,,10mcg per mL,250mL,,,,933f3f00,578553c4,e67c4800,,,,4103d4bf,,,
Fludarabine,,,Oral,Tablet,,250mg,,,,,933f3f00,3ae8e895,7df41f00,c4fe6600,,417484bf,,,,
Fludarabine,,,Parenteral,Powder for reconstitution,,50mg,,,,,933f3f00,3ae8e895,d89fbd00,70f38c00,,417964bf,,,,
Fludrocortisone,,,Oral,Tablet,,100mcg,,,,,933f3f00,0d4483d5,d5bb9100,61f01000,,410aa4bf,,,,
Fluorescein,,,Eye,Drop,,1%,,,,,933f3f00,4b55a992,320e9300,537f0a00,,416ed4bf,,,,
Fluorouracil,,,Parenteral,,,50mg per mL,5mL,,,,933f3f00,b0a6e28f,69c9a500,,,,40ffe4bf,,,
Fluorouracil,,,Topical,Ointment,,5%,,,,,933f3f00,b0a6e28f,2715d400,9ead4700,,40de04bf,,,,
Fluoxetine,,,Oral,Tablet,,20mg,,,,,933f3f00,1b8282d4,1972ee00,347df900,,418414bf,,,,
Fluphenazine decanoate,,,Parenteral,,,25mg per mL,1mL,,,,933f3f00,b966c248,b148d800,,,,414624bf,,,
Fluphenazine enanthate,,,Parenteral,,,25mg per mL,1mL,,,,933f3f00,3b211a2b,81243b00,,,,414ae4bf,,,
Folic acid,,,Oral,Tablet,,1mg,,,,,933f3f00,25d50e09,2ede1200,fdcc8d00,,418984bf,,,,
Folic acid,,,Oral,Tablet,,400mcg,,,,,933f3f00,25d50e09,2ede1200,fdcc8d00,,41b264bf,,,,
Folic acid,,,Oral,Tablet,,5mg,,,,,933f3f00,25d50e09,2ede1200,fdcc8d00,,41ace4bf,,,,
Fomepizole Base,,,Parenteral,,,1mg per mL,1.5mL,,,,933f3f00,2aea0229,78ad1c00,,,,41b754bf,,,
Fomepizole Sulfate,,,Parenteral,,,5mg per mL,20ml,,,,933f3f00,c6f68394,01076f00,,,,41bc64bf,,,
Furosemide,Frusemide,,Oral,Liquid,,4mg per mL,5mL,,,,933f3f00,a56a750a,49e96100,c0a6a000,,,4228d4bf,,,
Furosemide,Frusemide,,Oral,Tablet,,10mg,,,,,933f3f00,a56a750a,49e96100,e42ae300,,41fe24bf,,,,
Furosemide,Frusemide,,Oral,Tablet,,20mg,,,,,933f3f00,a56a750a,49e96100,e42ae300,,421884bf,,,,
Furosemide,Frusemide,,Oral,Tablet,,40mg,,,,,933f3f00,a56a750a,49e96100,e42ae300,,422364bf,,,,
Furosemide,Frusemide,,Parenteral,,,10mg per mL,2ml,,,,933f3f00,a56a750a,6d047600,,,,41f934bf,,,
Gemcitabine,,,Parenteral,Powder for reconstitution,,1g,,,,,933f3f00,7c2ae240,d26a1a00,2d487500,,432724bf,,,,
Gemcitabine,,,Parenteral,Powder for reconstitution,,200mg,,,,,933f3f00,7c2ae240,d26a1a00,2d487500,,434194bf,,,,
Gentamicin,,,Eye,Drop,,0.3%,,,,,933f3f00,273a56e9,26d2fe00,609dc900,,4256d4bf,,,,
Gentamicin,,,Parenteral,,,10mg per mL,2mL,,,,933f3f00,273a56e9,02a29700,,,,4346e4bf,,,
Gentamicin,,,Parenteral,,,40mg per mL,2mL,,,,933f3f00,273a56e9,02a29700,,,,4366a4bf,,,
Glibenclamide,Glyburide,,Oral,Tablet,,5mg,,,,,933f3f00,a2070a26,fac28b00,df432200,,f9d8c620,,,,
Gliclazide,,,Oral,Tablet,Prolonged-release,30mg,,,,,933f3f00,4b65cd8c,94dd5d00,babaac00,7945b500,425c54bf,,,,
Gliclazide,,,Oral,Tablet,Prolonged-release,60mg,,,,,933f3f00,4b65cd8c,94dd5d00,babaac00,7945b500,4276c4bf,,,,
Gliclazide,,,Oral,Tablet,Immediate-release,80mg,,,,,933f3f00,4b65cd8c,94dd5d00,babaac00,8b0da600,42a4f4bf,,,,
Glucagon,,,Parenteral,Powder for reconstitution,,1mg,,,,,933f3f00,aa44dfec,251ebf00,41fe8600,,425124bf,,,,
Glucose,Dextrose,,Parenteral,Solution,,5%,,,,,933f3f00,e55e4b23,d3f13000,c88b3300,,42f5b4bf,,,,
Glucose,Dextrose,,Parenteral,Solution,,10%,,,,,933f3f00,e55e4b23,d3f13000,c88b3300,,42fb44bf,,,,
Glucose,Dextrose,,Parenteral,Solution,,50%,,,,,933f3f00,e55e4b23,d3f13000,c88b3300,,432114bf,,,,
Glucose/Sodium Chloride,,4fb07e48/9cdb6f5b,Parenteral,Solution,,5%/0.18%,,,,,933f3f00,4fb07e48,ca892a00,552b4500,,42c504bf,,,,
Glucose/Sodium Chloride,,4fb07e48/9cdb6f5b,Parenteral,Solution,,5%/0.9%,,,,,933f3f00,4fb07e48,ca892a00,552b4500,,42aa94bf,,,,
Glyceryl Trinitrate,Nitroglycerin,,Sublingual,Tablet,,500mcg,,,,,933f3f00,8696a277,7370f400,8e1be700,,42e4c4bf,,,,
Goggles,,,,,,,,,,,77fcbb00,1cfdc5da,,,,,,,,
Griseofulvin,,,Oral,Suspension,,125mg per mL,120mL,,,,933f3f00,71763dd0,cda70e00,341df800,,,436c74bf,,,
Griseofulvin,,,Oral,Tablet,,125mg,,,,,933f3f00,71763dd0,cda70e00,3524db00,,438fb4bf,,,,
Griseofulvin,,,Oral,Tablet,,250mg,,,,,933f3f00,71763dd0,cda70e00,3524db00,,439514bf,,,,
Haloperidol,,,Oral,Liquid,,2mg per mL,,,,,933f3f00,6c45e6c7,1bd96400,5d5c3200,,451294bf,,,,
Haloperidol,,,Oral,Tablet,,0.5mg ,,,,,933f3f00,6c45e6c7,1bd96400,92d22d00,,450d84bf,,,,
Haloperidol,,,Oral,Tablet,,2mg,,,,,933f3f00,6c45e6c7,1bd96400,92d22d00,,4517b4bf,,,,
Haloperidol,,,Oral,Tablet,,5mg,,,,,933f3f00,6c45e6c7,1bd96400,92d22d00,,451c94bf,,,,
Haloperidol,,,Parenteral,,,5mg per mL,1mL,,,,933f3f00,6c45e6c7,22222222,,,,450844bf,,,
Hammock Net,,,,,,,,,,,77fcbb00,470d043e,,,,,,,,
Heparin Sodium,,,Parenteral,,,10000IU per mL,1mL,,,,933f3f00,10808942,581c3c00,,,,44f924bf,,,
Heparin Sodium,,,Parenteral,,,1000IU per mL,1mL,,,,933f3f00,10808942,581c3c00,,,,44f3b4bf,,,
Heparin Sodium,,,Parenteral,,,20000IU per mL,1mL,,,,933f3f00,10808942,581c3c00,,,,450254bf,,,
Homatropine,,,Eye,Drop,,1%,,,,,933f3f00,0f63aaf9,873a0f00,6cec9600,,372084bf,,,,
Homatropine,,,Eye,Drop,,2%,,,,,933f3f00,0f63aaf9,873a0f00,6cec9600,,370a44bf,,,,
Homatropine,,,Eye,Drop,,5%,,,,,933f3f00,0f63aaf9,873a0f00,6cec9600,,371724bf,,,,
Hydralazine,,,Oral,Tablet,,25mg,,,,,933f3f00,baee0f47,8c2f8300,34dc3a00,,457bf4bf,,,,
Hydralazine,,,Oral,Tablet,,50mg,,,,,933f3f00,baee0f47,8c2f8300,34dc3a00,,458134bf,,,,
Hydralazine,,,Parenteral,Powder for reconstitution,,20mg,,,,,933f3f00,baee0f47,92b10100,0ccfc000,,4576d4bf,,,,
Hydrochlorothiazide,,,Oral,Liquid,,50mg per mL,,,,,933f3f00,29a240ab,f6721500,eedc8400,,454094bf,,,,
Hydrochlorothiazide,,,Oral,Tablet,,12.5mg,,,,,933f3f00,29a240ab,f6721500,fe193700,,452fe4bf,,,,
Hydrochlorothiazide,,,Oral,Tablet,,25mg,,,,,933f3f00,29a240ab,f6721500,fe193700,,453b34bf,,,,
Hydrocortisone,,,Oral,Tablet,,10mg,,,,,933f3f00,afe02b45,ce268800,fd4b2b00,,442684bf,,,,
Hydrocortisone,,,Oral,Tablet,,20mg,,,,,933f3f00,afe02b45,ce268800,fd4b2b00,,4440c4bf,,,,
Hydrocortisone,,,Oral,Tablet,,5mg,,,,,933f3f00,afe02b45,ce268800,fd4b2b00,,440c34bf,,,,
Hydrocortisone,,,Parenteral,Powder for reconstitution,,100mg,,,,,933f3f00,afe02b45,d6ef1e00,68c96900,,4477a4bf,,,,
Hydrocortisone,,,Rectal,Liquid,,1.67 per mL,60mL,,,,933f3f00,afe02b45,2caafd00,00b1ec00,,,43af34bf,,,
Hydrocortisone,,,Rectal,Suppository,,25mg,,,,,933f3f00,afe02b45,2caafd00,b1d1cc00,,445cd4bf,,,,
Hydrocortisone,,,Topical,Cream,,1%,,,,,933f3f00,afe02b45,04595f00,56cea600,,43c994bf,,,,
Hydrocortisone,,,Topical,Ointment,,1%,,,,,933f3f00,afe02b45,04595f00,b14ad100,,43e914bf,,,,
Hydroxocobalamin Acetate,,,Parenteral,,,1mg per mL,1mL,,,,933f3f00,d2e77b2e,1c425000,,,,454584bf,,,
Hydroxocobalamin Hydrochloride,,,Parenteral,,,1mg per mL,1mL,,,,933f3f00,6d83432e,1c17d300,,,,454a84bf,,,
Hydroxocobalamin Sulfate,,,Parenteral,,,1mg per mL,1mL,,,,933f3f00,4152dffc,4a634a00,,,,454fc4bf,,,
Hydroxycarbamide,Hydroxyurea,,Oral,Capsule,,200mg,,,,,933f3f00,1d494663,661ce500,8f1c1400,,455a14bf,,,,
Hydroxycarbamide,Hydroxyurea,,Oral,Capsule,,250mg,,,,,933f3f00,1d494663,661ce500,8f1c1400,,455ee4bf,,,,
Hydroxycarbamide,Hydroxyurea,,Oral,Capsule,,300mg,,,,,933f3f00,1d494663,661ce500,8f1c1400,,4563c4bf,,,,
Hydroxycarbamide,Hydroxyurea,,Oral,Capsule,,400mg,,,,,933f3f00,1d494663,661ce500,8f1c1400,,456884bf,,,,
Hydroxycarbamide,Hydroxyurea,,Oral,Capsule,,500mg,,,,,933f3f00,1d494663,661ce500,8f1c1400,,456d44bf,,,,
Hydroxycarbamide,Hydroxyurea,,Oral,Tablet,,1g,,,,,933f3f00,1d494663,661ce500,4f9a8700,,4554c4bf,,,,
Hydroxychloroquine,,,Oral,Tablet,,200mg,,,,,933f3f00,1f846b82,4bab2e00,ced53900,,449764bf,,,,
Hyoscine butylbromide,Butylscopolamine Bromide ,,Parenteral,,,20mg per mL,1mL,,,,933f3f00,04150eb0,4f431800,60357b00,,,457204bf,,,
Hyoscine hydrobromide,,,Parenteral,,,400mcg per mL,1mL,,,,933f3f00,9a4e8449,66aa5200,,,,45ac04bf,,,
Hyoscine hydrobromide,,,Parenteral,,,600mcg per mL,1mL,,,,933f3f00,9a4e8449,66aa5200,,,,45b114bf,,,
Hyoscine hydrobromide,,,Transdermal,Patch,,1mg per 72hr,,,,,933f3f00,9a4e8449,d767cd00,68db5c00,,45a554bf,,,,
Ibuprofen,,,Oral,Liquid,,40mg per mL,5mL,,,,933f3f00,294d8414,a8a4b600,6808a100,,,45bad4bf,,,
Ibuprofen,,,Oral,Tablet,,200mg,,,,,933f3f00,294d8414,a8a4b600,f348e000,,45bfa4bf,,,,
Ibuprofen,,,Oral,Tablet,,400mg,,,,,933f3f00,294d8414,a8a4b600,f348e000,,45c474bf,,,,
Ibuprofen,,,Oral,Tablet,,600mg,,,,,933f3f00,294d8414,a8a4b600,f348e000,,45c9b4bf,,,,
Ibuprofen,,,Parenteral,,,5mg per mL,2mL,,,,933f3f00,294d8414,b97caf00,,,,45b5e4bf,,,
Ifosfamide,,,Parenteral,Powder for reconstitution,,1g,,,,,933f3f00,c2c93ac2,a5442300,841e5a00,,45d3a4bf,,,,
Ifosfamide,,,Parenteral,Powder for reconstitution,,2g,,,,,933f3f00,c2c93ac2,a5442300,841e5a00,,45d884bf,,,,
Ifosfamide,,,Parenteral,Powder for reconstitution,,500mg,,,,,933f3f00,c2c93ac2,a5442300,841e5a00,,45dd64bf,,,,
Imatinib,,,Oral,Tablet,,100mg,,,,,933f3f00,2fd07a3f,392bb500,952fa400,,45fa84bf,,,,
Imatinib,,,Oral,Tablet,,400mg,,,,,933f3f00,2fd07a3f,392bb500,952fa400,,45fdb4bf,,,,
Insulin Isophane,,,Parenteral,,,100IU per mL, 10mL,,,,933f3f00,785f034a,e7850900,4873a800,,,4600a4bf,,,
Insulin Isophane,,,Parenteral,,,40IU per mL,10mL,,,,933f3f00,785f034a,e7850900,4873a800,,,460704bf,,,
Insulin Soluble,,,Parenteral,,,100IU per mL, 10mL,,,,933f3f00,8f5f5394,aae3cb00,e3df6200,,,461074bf,,,
Insulin Soluble,,,Parenteral,,,40IU per mL,10mL,,,,933f3f00,8f5f5394,aae3cb00,e3df6200,,,461394bf,,,
Insulin Zinc Suspension,,,Parenteral,,,100IU per mL, 10mL,,,,933f3f00,3eee16d3,5e38ec00,03a3ff00,,,4603d4bf,,,
Insulin Zinc Suspension,,,Parenteral,,,40IU per mL,10mL,,,,933f3f00,3eee16d3,5e38ec00,03a3ff00,,,460a34bf,,,
Iodine,,,Oral,Capsule,,200mg,,,,,933f3f00,8c5e787c,4b6ec600,fbea7100,,461684bf,,,,
Iodized oil,,,Oral,,,540mg iodine per mL,0.57mL,,,,933f3f00,8c5e787c,4b6ec600,,,,461994bf,,,
Iodized oil,,,Oral,,,480mg iodine per mL,0.5mL,,,,933f3f00,8c5e787c,4b6ec600,,,,461cb4bf,,,
Iodized oil,,,Oral,,,480mg iodine per mL,1mL,,,,933f3f00,8c5e787c,4b6ec600,,,,462454bf,,,
Iohexol,,,Parenteral,,,14mg iodine er mL,10mL,,,,933f3f00,f2a047d2,c2e37000,,,,45e734bf,,,
Iohexol,,,Parenteral,,,17.5mg iodine per mL,20mL,,,,933f3f00,f2a047d2,c2e37000,,,,45f794bf,,,
Iohexol,,,Parenteral,,,28mg iodine per mL,5mL,,,,933f3f00,f2a047d2,c2e37000,,,,45e254bf,,,
Iohexol,,,Parenteral,,,35mg iodine per mL,10mL,,,,933f3f00,f2a047d2,c2e37000,,,,45f474bf,,,
Iohexol,,,Parenteral,,,70mg iodine per mL,5mL,,,,933f3f00,f2a047d2,c2e37000,,,,45f104bf,,,
Iohexol,,,Parenteral,,,7mg iodine per mL,20mL,,,,933f3f00,f2a047d2,c2e37000,,,,45ec44bf,,,
Ipratropium Bromide,,,Inhalation,Aerosol pressurised,,20mcg per dose,,,,,933f3f00,47bd772f,94b47300,9b0d6a00,,463874bf,,,,
Irinotecan,,,Parenteral,,,20mg per mL,25mL,,,,933f3f00,a8c8ef42,449e8500,cb292700,,,4646c4bf,,,
Irinotecan,,,Parenteral,,,20mg per mL,2mL,,,,933f3f00,a8c8ef42,449e8500,cb292700,,,464344bf,,,
Irinotecan,,,Parenteral,,,20mg per mL,5mL,,,,933f3f00,a8c8ef42,449e8500,cb292700,,,463fd4bf,,,
Isoniazid,,,Oral,Liquid,,10mg per mL,5mL,,,,933f3f00,0869a14e,db7f4e00,17d8d900,,,469364bf,,,
Isoniazid,,,Oral,Tablet,,100mg,,,,,933f3f00,0869a14e,db7f4e00,8ab83800,,471f243e,,,,
Isoniazid,,,Oral,Tablet,,300mg,,,,,933f3f00,0869a14e,db7f4e00,8ab83800,,4726043e,,,,
Isoniazid/Pyrazinamide/Rifampicin,,0869a14e/7b75ca3c/71e4d8ea,Oral,Tablet,,150mg/500mg/150mg,,,,,933f3f00,27909727,6a561b00,12c87200,,467be4bf,,,,
Isoniazid/Pyrazinamide/Rifampicin,,0869a14e/7b75ca3c/71e4d8ea,Oral,Tablet,,50mg/150mg/75mg,,,,,933f3f00,11a9a899,6ff8df00,f1f02600,,47ca443e,,,,
Isoniazid/Pyrazinamide/Rifampicin,,0869a14e/7b75ca3c/71e4d8ea,Oral,Tablet,,75mg/400mg/150mg,,,,,933f3f00,27909727,6a561b00,12c87200,,4682b4bf,,,,
Isoniazid/Rifampicin,,0869a14e/71e4d8ea,Oral,Tablet,,150mg/150mg,,,,,933f3f00,88eff367,738d6d00,b2ea7c00,,4686d4bf,,,,
Isoniazid/Rifampicin,,0869a14e/71e4d8ea,Oral,Tablet,,150mg/300mg,,,,,933f3f00,88eff367,738d6d00,b2ea7c00,,468a44bf,,,,
Isoniazid/Rifampicin,,0869a14e/71e4d8ea,Oral,Tablet,,50mg/75mg,,,,,933f3f00,5aacb54c,102e7d00,75474c00,,47c2c43e,,,,
Isoniazid/Rifampicin,,0869a14e/71e4d8ea,Oral,Tablet,,60mg/60mg,,,,,933f3f00,88eff367,738d6d00,b2ea7c00,,468d54bf,,,,
Isoniazid/Rifampicin,,0869a14e/71e4d8ea,Oral,Tablet,,75mg/150mg,,,,,933f3f00,88eff367,738d6d00,b2ea7c00,,469064bf,,,,
Isosorbide Dinitrate,,,Sublingual,Tablet,,5mg,,,,,933f3f00,1cf839e7,7fcf4f00,682cd600,,464a14bf,,,,
Ivermectin,,,Oral,Tablet,,3mg,,,,,933f3f00,d8bce72d,f1f04100,fc120000,,45cec4bf,,,,
Kanamycin,,,Parenteral,Powder for reconstitution,,1mg,,,,,933f3f00,e2f72ec5,9768c300,88307a00,,4699e4bf,,,,
Ketamine,,,Parenteral,,,50mg per mL,10mL,,,,933f3f00,c6238e59,9d755500,,,,469d04bf,,,
Lactulose,,,Oral,Liquid,,620mcg-740mcg per mL,5mL,,,,933f3f00,a03c4012,16d2c400,2f367700,,,46a314bf,,,
Lamivudine,3TC,,Oral,Liquid,,50mg per mL,,,,,933f3f00,493bb97e,04d0a900,2710c800,,471b94bf,,,,
Lamivudine,3TC,,Oral,Tablet,,50mg,,,,,933f3f00,493bb97e,e8c7c700,98b02500,,471814bf,,,,
Lamivudine/Nevirapine/Stavudine,,493bb97e/9609a814/609d0edb,Oral,Tablet,Dispersible,30mg/50mg/6mg,,,,,933f3f00,74182030,6b8c6b00,8c658200,8ef63d00,470b64bf,,,,
Lamivudine/Nevirapine/Stavudine,,493bb97e/9609a814/609d0edb,Oral,Tablet,,150mg/200mg/30mg,,,,,933f3f00,74182030,6b8c6b00,8c658200,,46ea44bf,,,,
Lamivudine/Nevirapine/Zidovudine,,493bb97e/9609a814/02ac6c47,Oral,Tablet,Dispersible,30mg/50mg/60mg,,,,,933f3f00,49d9b427,c7f00c00,0afe9f00,67dee600,471474bf,,,,
Lamivudine/Nevirapine/Zidovudine,,493bb97e/9609a814/02ac6c47,Oral,Tablet,,150mg/200mg/300mg,,,,,933f3f00,49d9b427,c7f00c00,0afe9f00,,470fa4bf,,,,
Lamivudine/Tenofovir Disoproxil Fumarate,,493bb97e/dc841f56,Oral,Tablet,,300mg/300mg,,,,,933f3f00,3210d6f2,f5067600,3b627500,,47d1743e,,,,
Lamivudine/Zidovudine,,493bb97e/02ac6c47,Oral,Tablet,,150mg/300mg,,,,,933f3f00,94a06ec7,0f1a1100,4fd49000,,471ef4bf,,,,
Lamivudine/Zidovudine,,493bb97e/02ac6c47,Oral,Tablet,,30mg/60mg,,,,,933f3f00,94a06ec7,0f1a1100,4fd49000,,472254bf,,,,
Latanoprost,,,Eye,Drop,,50mcg per mL,,,,,933f3f00,6f167a98,c5236e00,936c7900,,46a004bf,,,,
Ledipasvir/Sofosbuvir,,,Oral,Tablet,,90mg/400mg,,,,,933f3f00,b49effed,6e7d5800,bb86bb00,,4783a4bf,,,,
Leuprorelin,Leuprolide,,Parenteral,,,5mg per mL,2.8ml,,,,933f3f00,4c3b1f84,29b69200,,,,475f84bf,,,
Levamisole,,,Oral,Tablet,,150mg,,,,,933f3f00,b58cb5f7,0f430d00,3e499c00,,481e44bf,,,,
Levamisole,,,Oral,Tablet,,50mg,,,,,933f3f00,b58cb5f7,0f430d00,3e499c00,,480194bf,,,,
Levofloxacin,,,Oral,Tablet,,250mg,,,,,933f3f00,42b1f31b,c231ef00,f384f600,,46c494bf,,,,
Levofloxacin,,,Oral,Tablet,,500mg,,,,,933f3f00,42b1f31b,c231ef00,f384f600,,46c904bf,,,,
Levofloxacin,,,Oral,Tablet,,750mg,,,,,933f3f00,42b1f31b,c231ef00,f384f600,,46cc84bf,,,,
Levonorgestrel,,,Intrauterine,Device,,52mg,,,,,933f3f00,2a2ca230,7bc5e400,931d4000,,4823d4bf,,,,
Levonorgestrel,,,Oral,Tablet,,1.5mg ,,,,,933f3f00,2a2ca230,09129a00,cb4ef500,,47fe44bf,,,,
Levonorgestrel,,,Oral,Tablet,,30mcg,,,,,933f3f00,2a2ca230,09129a00,cb4ef500,,47d584bf,,,,
Levonorgestrel,,,Oral,Tablet,,750mcg,,,,,933f3f00,2a2ca230,09129a00,cb4ef500,,47fb04bf,,,,
Levonorgestrel,,,Subdermal,Implant,,150mg [2 x 75mg],,,,,933f3f00,2a2ca230,c6c05a00,34dd1700,,47f6d4bf,,,,
Levothyroxine,,,Oral,Tablet,,100mcg,,,,,933f3f00,70bd144e,9a237e00,e8ac4900,,47bd14bf,,,,
Levothyroxine,,,Oral,Tablet,,25mcg,,,,,933f3f00,70bd144e,9a237e00,e8ac4900,,479c34bf,,,,
Levothyroxine,,,Oral,Tablet,,50mcg,,,,,933f3f00,70bd144e,9a237e00,e8ac4900,,47b464bf,,,,
Lidocaine,Lignocaine,,Parenteral,,,10mg per mL [1%],2mL,,,,933f3f00,2e8f6598,f1fde800,,,,46d764bf,,,
Lidocaine,Lignocaine,,Parenteral,,,20mg per mL [2%],2mL,,,,933f3f00,2e8f6598,f1fde800,,,,46dae4bf,,,
Lidocaine,Lignocaine,,Parenteral,,,20mg per mL [2%],5mL,,,,933f3f00,2e8f6598,f1fde800,,,,46d3e4bf,,,
Lidocaine,Lignocaine,,Parenteral,,,50mg per mL [5%],2mL,,,,933f3f00,2e8f6598,f1fde800,,,,46d064bf,,,
Lidocaine,Lignocaine,,Topical,Gel,,2%,,,,,933f3f00,2e8f6598,a7450b00,,,46de44bf,,,,
Lidocaine,Lignocaine,,Topical,Gel,,4%,,,,,933f3f00,2e8f6598,a7450b00,,,46e1c4bf,,,,
Linezolid,,,Oral,Liquid,,20mg per mL,5mL,,,,933f3f00,83507b82,a973dd00,f6f72c00,,,4755d4bf,,,
Linezolid,,,Oral,Tablet,,400mg,,,,,933f3f00,83507b82,a973dd00,02693f00,,475974bf,,,,
Linezolid,,,Oral,Tablet,,600mg,,,,,933f3f00,83507b82,a973dd00,02693f00,,475c84bf,,,,
Linezolid,,,Parenteral,,,2mg per mL,300mL,,,,933f3f00,83507b82,03bba200,,,,475244bf,,,
Lithium Carbonate,,,Oral,Tablet,Immediate-release,300mg,,,,,933f3f00,c9896104,4fbf0900,77c5a800,86cd8001,4798c4bf,,,,
Loperamide,,,Oral,Capsule,,2mg,,,,,933f3f00,0ee67b83,f41f0600,12d9b100,,476284bf,,,,
Lopinavir/Ritonavir,LPV/r,,Oral,Liquid,,80mg/20mg per mL,5mL,,,,933f3f00,726fdb90,4b15b000,951db300,,,478ea4bf,,,
Lopinavir/Ritonavir,LPV/r,,Oral,Tablet,,100mg/25mg,,,,,933f3f00,726fdb90,4b15b000,ced1aa00,,4787b4bf,,,,
Lopinavir/Ritonavir,LPV/r,,Oral,Tablet,,200mg/50mg,,,,,933f3f00,726fdb90,4b15b000,ced1aa00,,478b44bf,,,,
Loratadine,,,Oral,Liquid,,1mg per mL,,,,,933f3f00,9e10dc74,0a51c500,0dfd7400,,479214bf,,,,
Loratadine,,,Oral,Tablet,,10mg,,,,,933f3f00,9e10dc74,0a51c500,bbc75b00,,479554bf,,,,
Lorazepam,,,Parenteral,,,2mg per mL,1mL,,,,933f3f00,34d0e9cb,7374b200,,,,483d14bf,,,
Lorazepam,,,Parenteral,,,4mg per mL,1mL,,,,933f3f00,34d0e9cb,7374b200,,,,4840e4bf,,,
Lugol's Solution,,,Oral,Liquid,,130mg iodide per mL,,,,,933f3f00,af3fe02c,5288ad00,12f8bc00,,47c104bf,,,,
Magnesium Sulfate,,,Parenteral,,,150mcg per mL [15%],10mL,,,,933f3f00,7e03069f,68a48f00,,,,4740443e,,,
Magnesium Sulfate,,,Parenteral,,,500mcg per mL [50%],10mL,,,,933f3f00,7e03069f,68a48f00,,,,51ce64bf,,,
Magnesium Sulfate,,,Parenteral,,,500mcg per mL [50%],2mL,,,,933f3f00,7e03069f,68a48f00,,,,51b474bf,,,
Mannitol,,,Parenteral,Solution,,10%,,,,,933f3f00,3a47bcb4,a6e20300,cec4ba00,,526454bf,,,,
Mannitol,,,Parenteral,Solution,,20%,,,,,933f3f00,3a47bcb4,a6e20300,cec4ba00,,527e04bf,,,,
Mebendazole,,,Oral,Tablet,Chewable,100mg,,,,,933f3f00,8aa42218,6ab89500,cc090400,b893b700,484444bf,,,,
Mebendazole,,,Oral,Tablet,Chewable,500mg,,,,,933f3f00,8aa42218,6ab89500,cc090400,b893b700,484d54bf,,,,
Medroxyprogesterone Acetate,,,Oral,Tablet,,5mg,,,,,933f3f00,0f4b1c0d,bb17e900,313b0800,,53cb14bf,,,,
Medroxyprogesterone Acetate,,,Parenteral,,,150mg per mL,1mL,,,,933f3f00,0f4b1c0d,b17f9e00,,,,53d014bf,,,
Medroxyprogesterone Acetate,,,Parenteral,,,160mg per mL,0.65mL,,,,933f3f00,0f4b1c0d,b17f9e00,,,,4752843e,,,
Mefloquine,,,Oral,Tablet,,250mg,,,,,933f3f00,cabc6021,c60dab00,11e1c200,,50dd04bf,,,,
Melarsoprol,,,Parenteral,,,36mg per mL [3.6%],5mL,,,,933f3f00,ab144834,3f817d00,,,,521634bf,,,
Mercaptopurine,,,Oral,Tablet,,50mg,,,,,933f3f00,aa8cae6b,f34e4c00,,,509a94bf,,,,
Mesna,,,Oral,Tablet,,400mg,,,,,933f3f00,19146e9c,382f2600,2f295100,,50cd74bf,,,,
Mesna,,,Oral,Tablet,,600mg,,,,,933f3f00,19146e9c,382f2600,2f295100,,50d334bf,,,,
Mesna,,,Parenteral,,,100mcg per mL, 10mL,,,,933f3f00,19146e9c,d1e3df00,,,,50a634bf,,,
Mesna,,,Parenteral,,,100mg per mL,4mL,,,,933f3f00,19146e9c,d1e3df00,,,,50a144bf,,,
Metformin,,,Oral,Tablet,Immediate-release,500mg,,,,,933f3f00,1235dc54,3ca6d000,ecea5300,c5564c12,539cd4bf,,,,
Methadone,,,Oral,Liquid,,10mg per mL,,,,,933f3f00,e8110215,41ebca00,b6e89400,,4f9824bf,,,,
Methadone,,,Oral,Liquid,,5mg per mL,,,,,933f3f00,e8110215,41ebca00,b6e89400,,4f9444bf,,,,
Methotrexate,,,Oral,Tablet,,2.5mg,,,,,933f3f00,659774a5,c243b900,4ef79800,,53a244bf,,,,
Methotrexate,,,Parenteral,Powder for reconstitution,,50mg,,,,,933f3f00,659774a5,aa350700,c5dbae00,,53a774bf,,,,
Methyldopa,,,Oral,Tablet,,250mg,,,,,933f3f00,24ab1f2b,d317fb00,b802d200,,4fb394bf,,,,
Methylergometrine Maleate,Methylergonovine,,Parenteral,,,0.2mg per mL,1mL,,,,933f3f00,fbe3f704,e55e4d00,,,,4758543e,,,
Methylprednisolone,,,Parenteral,,,40mg per mL,1mL,,,,933f3f00,3e2994d9,38f7dc00,,,,53b684bf,,,
Methylprednisolone,,,Parenteral,,,40mg per mL,5mL,,,,933f3f00,3e2994d9,38f7dc00,,,,53bbe4bf,,,
Methylprednisolone,,,Parenteral,,,80mg per mL,1mL,,,,933f3f00,3e2994d9,38f7dc00,,,,53c104bf,,,
Methylthioninium Chloride,Methylene Blue,,Parenteral,,,10mg per mL, 10mL,,,,933f3f00,cb5d1b61,5b272f00,,,,524a84bf,,,
Metoclopramide,,,Oral,Liquid,,1mg per mL,5mL,,,,933f3f00,bb9e7e0c,5b072100,344d6000,,,485584bf,,,
Metoclopramide,,,Oral,Tablet,,10mg,,,,,933f3f00,bb9e7e0c,5b072100,9436a300,,4876f4bf,,,,
Metoclopramide,,,Parenteral,,,5mg per mL,2mL,,,,933f3f00,bb9e7e0c,8da53600,,,,4851d4bf,,,
Metoprolol,,,Oral,Tablet,,100mg,,,,,933f3f00,37e44881,a146da00,23b23500,,53b164bf,,,,
Metoprolol,,,Oral,Tablet,,50mg,,,,,933f3f00,37e44881,a146da00,23b23500,,53ac84bf,,,,
Metronidazole,,,Oral,Liquid,,40mg per mL,5mL,,,,933f3f00,a1004adb,0f9c2400,a25a5700,,,4fc7a4bf,,,
Metronidazole,,,Oral,Tablet,,200mg,,,,,933f3f00,a1004adb,0f9c2400,d6abbe00,,4fcca4bf,,,,
Metronidazole,,,Oral,Tablet,,400mg,,,,,933f3f00,a1004adb,0f9c2400,d6abbe00,,4fd164bf,,,,
Metronidazole,,,Oral,Tablet,,500mg,,,,,933f3f00,a1004adb,0f9c2400,d6abbe00,,4fffc4bf,,,,
Metronidazole,,,Parenteral,,,5mg per mL,100ml,,,,933f3f00,61491dca,,,,,4fd604bf,,,
Metronidazole,,,Rectal,Suppository,,1g,,,,,933f3f00,a1004adb,a4138900,6cc82800,,4fc154bf,,,,
Metronidazole,,,Rectal,Suppository,,500mg,,,,,933f3f00,a1004adb,a4138900,6cc82800,,4ff9d4bf,,,,
Miconazole,,,Topical,Cream,,2%,,,,,933f3f00,592834d0,2fe64b00,7ed7e200,,487b14bf,,,,
Miconazole,,,Topical,Ointment,,2%,,,,,933f3f00,592834d0,2fe64b00,f91f1d00,,4f8aa4bf,,,,
Midazolam,,,Buccal,Solution,,10mg per mL,1mL,,,,933f3f00,fe76247c,2a1d3e00,8c08f100,,,506ce4bf,,,
Midazolam,,,Buccal,Solution,,5mg per mL,1mL,,,,933f3f00,fe76247c,2a1d3e00,8c08f100,,,503dc4bf,,,
Midazolam,,,Oral,Liquid,,2mg per mL,,,,,933f3f00,fe76247c,616e7f00,7c0f4600,,501524bf,,,,
Midazolam,,,Oral,Tablet,,15mg,,,,,933f3f00,fe76247c,616e7f00,ac87f000,,5071e4bf,,,,
Midazolam,,,Oral,Tablet,,7.5mg,,,,,933f3f00,fe76247c,616e7f00,ac87f000,,5047e4bf,,,,
Midazolam,,,Parenteral,,,1mg per mL,2mL,,,,933f3f00,fe76247c,c4f56c00,,,,500f74bf,,,
Midazolam,,,Parenteral,,,5mg per mL,1mL,,,,933f3f00,fe76247c,c4f56c00,,,,503834bf,,,
Mifepristone/Misoprostol,,0gp48089/a8a8120b,Oral,Tablet,,200mg/200mcg,,,,,933f3f00,c3efcce1,09c6f300,a5d5ea00,,50d804bf,,,,
Miltefosine,,,Oral,Capsule,,10mg,,,,,933f3f00,23f08855,e6450500,5723b400,,50f6b4bf,,,,
Miltefosine,,,Oral,Capsule,,50mg,,,,,933f3f00,23f08855,e6450500,5723b400,,50fc34bf,,,,
Misoprostol,,,Oral,Tablet,,200mcg,,,,,933f3f00,a8a8120b,1e03a700,6cefce00,,51f324bf,,,,
Misoprostol,,,Vaginal,Tablet,,25mcg,,,,,933f3f00,a8a8120b,1e03a700,6cefce00,,51e824bf,,,,
Morphine Hydrochloride,,,Oral,Tablet,Extended-release,100mg,,,,,933f3f00,1d2a0860,c36f8100,c5875900,a5277100,538404bf,,,,
Morphine Hydrochloride,,,Oral,Tablet,Extended-release,10mg,,,,,933f3f00,1d2a0860,c36f8100,c5875900,a5277100,534684bf,,,,
Morphine Hydrochloride,,,Oral,Tablet,Extended-release,200mg,,,,,933f3f00,1d2a0860,c36f8100,c5875900,a5277100,5392f4bf,,,,
Morphine Hydrochloride,,,Oral,Tablet,Extended-release,30mg,,,,,933f3f00,1d2a0860,c36f8100,c5875900,a5277100,536554bf,,,,
Morphine Hydrochloride,,,Oral,Tablet,Extended-release,60mg,,,,,933f3f00,1d2a0860,c36f8100,c5875900,a5277100,537474bf,,,,
Morphine Hydrochloride,,,Parenteral,,,10mg per mL,1mL,,,,933f3f00,1d2a0860,92ad1600,,,,52dd64bf,,,
Morphine Sulfate,,,Oral,Granules,,100mg,,,,,933f3f00,25196461,69789b00,bf60f200,,537ec4bf,,,,
Morphine Sulfate,,,Oral,Granules,,200mg,,,,,933f3f00,25196461,69789b00,bf60f200,,538e24bf,,,,
Morphine Sulfate,,,Oral,Granules,,20mg,,,,,933f3f00,25196461,69789b00,bf60f200,,535b54bf,,,,
Morphine Sulfate,,,Oral,Granules,,30mg,,,,,933f3f00,25196461,69789b00,bf60f200,,536054bf,,,,
Morphine Sulfate,,,Oral,Granules,,60mg,,,,,933f3f00,25196461,69789b00,bf60f200,,536f54bf,,,,
Morphine Sulfate,,,Oral,Liquid,,10mg per mL,,,,,933f3f00,25196461,69789b00,6fc3ed00,,ab6105dd,,,,
Morphine Sulfate,,,Oral,Liquid,,2mg per mL,,,,,933f3f00,25196461,69789b00,6fc3ed00,,5340d4bf,,,,
Morphine Sulfate,,,Oral,Tablet,Extended-release,100mg,,,,,933f3f00,25196461,69789b00,b846fc00,9c35d900,538924bf,,,,
Morphine Sulfate,,,Oral,Tablet,Extended-release,10mg,,,,,933f3f00,25196461,69789b00,b846fc00,9c35d900,534b94bf,,,,
Morphine Sulfate,,,Oral,Tablet,Extended-release,15mg,,,,,933f3f00,25196461,69789b00,b846fc00,9c35d900,535634bf,,,,
Morphine Sulfate,,,Oral,Tablet,Extended-release,200mg,,,,,933f3f00,25196461,69789b00,b846fc00,9c35d900,5397f4bf,,,,
Morphine Sulfate,,,Oral,Tablet,Extended-release,30mg,,,,,933f3f00,25196461,69789b00,b846fc00,9c35d900,536a64bf,,,,
Morphine Sulfate,,,Oral,Tablet,Extended-release,60mg,,,,,933f3f00,25196461,69789b00,b846fc00,9c35d900,5379b4bf,,,,
Morphine Sulfate,,,Oral,Tablet,Immediate-release,10mg,,,,,933f3f00,25196461,69789b00,b846fc00,37cedf12,533194bf,,,,
Morphine Sulfate,,,Parenteral,,,10mg per mL,1mL,,,,933f3f00,25196461,5bacb800,,,,52f844bf,,,
Mother and child registration book,,,,,,,,,,,77fcbb00,18c19caf,,,,,,,,
Mupirocin,,,Topical,Cream,,2%,,,,,933f3f00,08ab0ff3,81b9cf00,2c6d5600,,52a514bf,,,,
Mupirocin,,,Topical,Ointment,,2%,,,,,933f3f00,08ab0ff3,81b9cf00,472ec100,,52bf34bf,,,,
Naloxone,,,Parenteral,,,400mcg per mL,1mL,,,,933f3f00,5668c8be,fa9b4300,,,,541264bf,,,
Neostigmine,,,Oral,Tablet,,15mg,,,,,933f3f00,54eb4161,9e3bd500,4e7f4400,,544364bf,,,,
Neostigmine,,,Parenteral,,,2.5mg per mL,1mL,,,,933f3f00,54eb4161,4898fa00,,,,543fc4bf,,,
Neostigmine,,,Parenteral,,,500mcg per ml,1mL,,,,933f3f00,54eb4161,4898fa00,,,,544884bf,,,
Nevirapine,NVP,,Oral,Liquid,,10mg per mL,5mL,,,,933f3f00,9609a814,da30f700,51a7de00,,,545714bf,,,
Nevirapine,NVP,,Oral,Tablet,Dispersible,50mg,,,,,933f3f00,9609a814,da30f700,cb9f2900,2ca54800,545ab4bf,,,,
Nevirapine,NVP,,Oral,Tablet,,200mg,,,,,933f3f00,9609a814,da30f700,cb9f2900,,545e34bf,,,,
Niclosamide,,,Oral,Tablet,Chewable,500mg,,,,,933f3f00,b02efbfa,4cceeb00,7e4cbd00,73ec8c00,53ef24bf,,,,
Nicotinamide,,,Oral,Tablet,,50mg,,,,,933f3f00,c0d60942,99091f00,07bf6600,,53f404bf,,,,
Nicotine replacement therapy,NRT,,Oral,Gum,,2mg,,,,,933f3f00,6ee717ac,22b91000,53b39300,,542e14bf,,,,
Nicotine replacement therapy,NRT,,Oral,Gum,,4mg,,,,,933f3f00,6ee717ac,22b91000,53b39300,,543394bf,,,,
Nicotine replacement therapy,NRT,,Transdermal,Patch,,5mg per 16hr,,,,,933f3f00,6ee717ac,c2900a00,a096a500,,543834bf,,,,
Nicotine replacement therapy,NRT,,Transdermal,Patch,,7mg per 24hr,,,,,933f3f00,6ee717ac,c2900a00,a096a500,,543c04bf,,,,
Nifedipine,,,Oral,Capsule,Immediate-release,10mg,,,,,933f3f00,2b9706b7,f6aed400,d3e24700,726z2615,53fc34bf,,,,
Nifedipine,,,Oral,Tablet,Immediate-release,20mg,,,,,933f3f00,2b9706b7,f6aed400,8dd3ee00,3c6z5111,4764143e,,,,
Nifurtimox,,,Oral,Tablet,,120mg,,,,,933f3f00,23290191,9b5af900,30b1d800,,5406a4bf,,,,
Nifurtimox,,,Oral,Tablet,,250mg,,,,,933f3f00,23290191,9b5af900,30b1d800,,540d54bf,,,,
Nifurtimox,,,Oral,Tablet,,30mg,,,,,933f3f00,23290191,9b5af900,30b1d800,,5401b4bf,,,,
Nitrofurantoin,,,Oral,Liquid,,5mg per mL,5mL,,,,933f3f00,c8ec07e6,e6e93b00,518f1200,,,544c74bf,,,
Nitrofurantoin,,,Oral,Tablet,,100mg,,,,,933f3f00,c8ec07e6,e6e93b00,99b98d00,,545014bf,,,,
Non-Surgical Mask,,,,,,,,,,,77fcbb00,4b1585da,,,,,,,,
Norethisterone Enanthate,,,Parenteral,,,200mg per mL,1mL,,,,933f3f00,8aa625db,98e61c00,,,,542a34bf,,,
Normal Immunoglobulin,,,Parenteral,,,100mcg per mL [10%],1mL,,,,933f3f00,3192bc8a,c45c6f00,,,,541ce4bf,,,
Normal Immunoglobulin,,,Parenteral,,Intramuscular,160mcg per mL [16%],1mL,,,,933f3f00,3192bc8a,c45c6f00,,45364bah,,5423a4bf,,,
Normal Immunoglobulin,,,Parenteral,,Subcutaneous,160mcg per mL [16%],1mL,,,,933f3f00,3192bc8a,c45c6f00,,45k64bah,,542704bf,,,
Normal Immunoglobulin,,,Parenteral,,,50mcg per mL [5%],1mL,,,,933f3f00,3192bc8a,c45c6f00,,,,541764bf,,,
Nystatin,,,Oral,Liquid,,100000IU per mL,,,,,933f3f00,119af09f,b7057600,90b26400,,549744bf,,,,
Nystatin,,,Oral,Liquid,,10mg per mL,5mL,,,,933f3f00,119af09f,b7057600,90b26400,,,549034bf,,,
Nystatin,,,Oral,Lozenge,,100000IU,,,,,933f3f00,119af09f,b7057600,f7e65800,,5493f4bf,,,,
Nystatin,,,Oral,Tablet,,100000IU,,,,,933f3f00,119af09f,b7057600,6a73fe00,,548af4bf,,,,
Nystatin,,,Oral,Tablet,,500000IU,,,,,933f3f00,119af09f,b7057600,6a73fe00,,549d54bf,,,,
Nystatin,,,Vaginal,Pessary,,100000IU,,,,,933f3f00,119af09f,420fe300,8cbb1a00,,549a54bf,,,,
Ofloxacin,,,Eye,Drop,,0.3%,,,,,933f3f00,80448410,afe66100,c2afa000,,54a084bf,,,,
Ombitasvir/Paritaprevir/Ritonavir,,,Oral,Tablet,,12.5mg/75mg/50mg,,,,,933f3f00,93ba1cae,59bac900,f8d26800,,54e6f4bf,,,,
Omeprazole,,,Oral,Powder for reconstitution,,20mg,,Sachet,,,933f3f00,48d6808a,0833ac00,60b3bf00,,32b03300,,54b034bf,,
Omeprazole,,,Oral,Powder for reconstitution,,40mg,,Sachet,,,933f3f00,48d6808a,0833ac00,60b3bf00,,601a2a00,,54da44bf,,
Omeprazole,,,Oral,Tablet,,10mg,,,,,933f3f00,48d6808a,0833ac00,233f8600,,54ace4bf,,,,
Omeprazole,,,Oral,Tablet,,20mg,,,,,933f3f00,48d6808a,0833ac00,a7783100,,54b344bf,,,,
Omeprazole,,,Oral,Tablet,,40mg,,,,,933f3f00,48d6808a,0833ac00,273a3000,,54dff4bf,,,,
Omeprazole,,,Parenteral,Powder for reconstitution,,40mg,,,,,933f3f00,48d6808a,84c78b00,770a5d00,,54d634bf,,,,
Ondansetron,,,Oral,Liquid,,800mcg per mL,5mL,,,,933f3f00,0b4b63a0,b3d0e700,6bbe9900,,,54eea4bf,,,
Ondansetron,,,Oral,Tablet,,24mg,,,,,933f3f00,0b4b63a0,b3d0e700,5606f800,,54f8a4bf,,,,
Ondansetron,,,Oral,Tablet,,4mg,,,,,933f3f00,0b4b63a0,b3d0e700,b369db00,,54f204bf,,,,
Ondansetron,,,Oral,Tablet,,8mg,,,,,933f3f00,0b4b63a0,b3d0e700,368d3200,,54f554bf,,,,
Ondansetron,,,Parenteral,,,2mg per mL,2mL,,,,933f3f00,0b4b63a0,9d89f400,,,,54eb24bf,,,
Oseltamivir,,,Oral,Capsule,,30mg,,,,,933f3f00,8db2d439,0b3f2d00,e2d53c00,,54a394bf,,,,
Oseltamivir,,,Oral,Capsule,,45mg,,,,,933f3f00,8db2d439,0b3f2d00,e2d53c00,,54a6c4bf,,,,
Oseltamivir,,,Oral,Capsule,,70mg,,,,,933f3f00,8db2d439,0b3f2d00,e2d53c00,,54a9c4bf,,,,
Oseltamivir,,,Oral,Liquid,,12mg per mL,,,,,933f3f00,8db2d439,0b3f2d00,756d9600,,54e364bf,,,,
Oxaliplatin,,,Parenteral,Powder for reconstitution,,100mg,,,,,933f3f00,c20a56bb,bd2e0100,c158c000,,553294bf,,,,
Oxaliplatin,,,Parenteral,Powder for reconstitution,,50mg,,,,,933f3f00,c20a56bb,bd2e0100,c158c000,,552f94bf,,,,
Oxaliplatin,,,Parenteral,,,5mg per mL,10mL,,,,933f3f00,c20a56bb,bd2e0100,,,,552c94bf,,,
Oxaliplatin,,,Parenteral,,,5mg per mL,20ml,,,,933f3f00,c20a56bb,bd2e0100,,,,553584bf,,,
Oxaliplatin,,,Parenteral,,,5mg per mL,2mL,,,,933f3f00,c20a56bb,bd2e0100,,,,5557e4bf,,,
Oxamniquine,,,Oral,Capsule,,250mg,,,,,933f3f00,249c312a,d2948300,35ad3a00,,552974bf,,,,
Oxamniquine,,,Oral,Liquid,,50mg per mL,5mL,,,,933f3f00,249c312a,d2948300,77ff1500,,,552674bf,,,
Oxytocin,,,Parenteral,,,10IU per mL,1mL,,,,933f3f00,b35ac6ac,de358400,,,,555c04bf,,,
Oxytocin,,,Parenteral,,,5IU per mL,1mL,,,,933f3f00,b35ac6ac,de358400,,,,4790d43e,,,
P-Aminosalicylic Acid,Para-Aminosalicylic Acid,,Oral,Granules,,4g,,,,,933f3f00,f57d2573,d40e3700,594f8800,,5562d4bf,,,,
P-Aminosalicylic Acid,Para-Aminosalicylic Acid,,Oral,Tablet,,500mg,,,,,933f3f00,f57d2573,d40e3700,3fd02b00,,556634bf,,,,
Paclitaxel,,,Parenteral,,,6mg per mL,5mL,,,,933f3f00,96de5528,ce9a4200,,,,559b84bf,,,
Pancreatic Enzymes,,,Oral,Capsule,,3000IU Lipase,,,,,933f3f00,ff66d51c,8b57fd00,82gp3400,,555f54bf,,,,
Paracetamol,,,Oral,Liquid,,24mg per mL,5mL,,,,933f3f00,23332310,89cacc00,a06e5f00,,,bbfcf518,,,
Paracetamol,,,Oral,Tablet,,300mg,,,,,933f3f00,23332310,89cacc00,168fa600,,5589f4bf,,,,
Paracetamol,,,Oral,Tablet,,400mg,,,,,933f3f00,23332310,89cacc00,168fa600,,558e84bf,,,,
Paracetamol,,,Oral,Tablet,,500mg,,,,,933f3f00,23332310,89cacc00,168fa600,,559794bf,,,,
Paromomycin,,,Parenteral,,,375mg per mL,2mL,,,,933f3f00,ee9da70d,b607d100,,,,5d7c64bf,,,
Pegylated Interferon alfa-2a,,,Parenteral,,,180mcg,,Pre-filled syringe,,,933f3f00,705260b0,420b5000,,,46744a00,,55dd54bf,,
Pegylated Interferon alfa-2a,,,Parenteral,,,180mcg,,Vial,,,933f3f00,705260b0,420b5000,,,46744a00,,55e0c4bf,,
Pegylated Interferon alfa-2b,,,Parenteral,,,100mcg,,Pre-filled syringe,,,933f3f00,4164b8d3,0ebcd300,,,f5e9e500,,560274bf,,
Pegylated Interferon alfa-2b,,,Parenteral,,,100mcg,,Vial,,,933f3f00,4164b8d3,0ebcd300,,,f5e9e500,,560614bf,,
Pegylated Interferon alfa-2b,,,Parenteral,,,80mcg,,Pre-filled syringe,,,933f3f00,4164b8d3,0ebcd300,,,53b51400,,55e434bf,,
Pegylated Interferon alfa-2b,,,Parenteral,,,80mcg,,Vial,,,933f3f00,4164b8d3,0ebcd300,,,53b51400,,55fd84bf,,
Penicillamine,,,Oral,Tablet,,250mg,,,,,933f3f00,a1fa086f,a5cf8700,5d0c2e00,,5ded04bf,,,,
Pentamidine,,,Oral,Tablet,,200mg,,,,,933f3f00,284a2806,5eb23900,36fa7b00,,5d8774bf,,,,
Pentamidine,,,Oral,Tablet,,300mg,,,,,933f3f00,284a2806,5eb23900,36fa7b00,,5da294bf,,,,
Pentamidine,,,Parenteral,Powder for reconstitution,,200mg,,,,,933f3f00,284a2806,5eb23900,53ac1800,,5d81c4bf,,,,
Permethrin,,,Topical,Cream,,5%,,,,,933f3f00,299069c8,365b5200,6c54cd00,,6032b4bf,,,,
Permethrin,,,Topical,Ointment,,1%,,,,,933f3f00,299069c8,365b5200,9e145c00,,601744bf,,,,
Phenobarbital,Phenobarbitone,,Oral,Liquid,,3mg per mL,5mL,,,,933f3f00,83f5f72f,afa5b600,9705a100,,,561694bf,,,
Phenobarbital,Phenobarbitone,,Oral,Tablet,,100mg,,,,,933f3f00,83f5f72f,afa5b600,9a51e000,,564984bf,,,,
Phenobarbital,Phenobarbitone,,Oral,Tablet,,15mg,,,,,933f3f00,83f5f72f,afa5b600,9a51e000,,5612e4bf,,,,
Phenobarbital,Phenobarbitone,,Oral,Tablet,,200mg,,,,,933f3f00,83f5f72f,afa5b600,9a51e000,,5cc974bf,,,,
Phenobarbital,Phenobarbitone,,Oral,Tablet,,60mg,,,,,933f3f00,83f5f72f,afa5b600,9a51e000,,5645a4bf,,,,
Phenobarbital,Phenobarbitone,,Parenteral,,,100mg per mL,1mL,,,,933f3f00,83f5f72f,3dd1af00,,,,47aaa43e,,,
Phenobarbital,Phenobarbitone,,Parenteral,,,200mg per mL,1mL,,,,933f3f00,83f5f72f,3dd1af00,,,,5cc1a4bf,,,
Phenoxymethylpenicillin,Penicillin V,,Oral,Liquid,,50mg per mL,5mL,,,,933f3f00,01c0215d,0b6f5a00,2738b500,,,5db8a4bf,,,
Phenoxymethylpenicillin,Penicillin V,,Oral,Tablet,,50mg,,,,,933f3f00,01c0215d,0b6f5a00,3f08a400,,5ddd04bf,,,,
Phenytoin,,,Oral,Capsule,,100mg,,,,,933f3f00,adc85af6,957c3e00,49a20900,,5d32f4bf,,,,
Phenytoin,,,Oral,Capsule,,25mg,,,,,933f3f00,adc85af6,957c3e00,49a20900,,5cec54bf,,,,
Phenytoin,,,Oral,Capsule,,50mg,,,,,933f3f00,adc85af6,957c3e00,49a20900,,5d0484bf,,,,
Phenytoin,,,Oral,Liquid,,5mg per mL,5mL,,,,933f3f00,adc85af6,957c3e00,d61ca800,,,5ccfd4bf,,,
Phenytoin,,,Oral,Liquid,,6mg per mL,5mL,,,,933f3f00,adc85af6,957c3e00,d61ca800,,,5cfa04bf,,,
Phenytoin,,,Oral,Tablet,Chewable,50mg,,,,,933f3f00,adc85af6,957c3e00,e5e8cb00,86d06200,5d0994bf,,,,
Phenytoin,,,Parenteral,,,50mg per mL,5mL,,,,933f3f00,adc85af6,6614d700,,,,5cff94bf,,,
Phytomenadione,Vitamin K1,,Parenteral,,,10mg per mL,5mL,,,,933f3f00,87ede082,4038ff00,,,,5db3a4bf,,,
Phytomenadione,Vitamin K1,,Parenteral,,,1mg per mL,1mL,,,,933f3f00,87ede082,4038ff00,,,,5dadc4bf,,,
Pilocarpine,,,Eye,Drop,,2%,,,,,933f3f00,c5fb09d8,29afc600,fb2c7000,,5d3e34bf,,,,
Pilocarpine,,,Eye,Drop,,4%,,,,,933f3f00,c5fb09d8,29afc600,fb2c7000,,5d5194bf,,,,
Podophyllum Resin,,,Topical,Solution,,10%,,,,,933f3f00,35196c7a,4fd97300,3d9e6a00,,55ab64bf,,,,
Podophyllum Resin,,,Topical,Solution,,25%,,,,,933f3f00,35196c7a,4fd97300,3d9e6a00,,55ce44bf,,,,
Polygeline,,,Parenteral,Solution,,3.5%,,,,,933f3f00,1cc08f6b,e0eb8500,91de2700,,5e1cf4bf,,,,
Poractant Alfa Surfactant Extract,,,,Suspension,,80mg per mL,1.5mL,,,,933f3f00,b497876f,,9b604e00,,,627864bf,,,
Potassium Chloride,,,Oral,Powder for reconstitution,,1.5mg ,,Sachet,,,933f3f00,68c97553,d99b1b00,18f97200,,64fa6d00,,5f82f4bf,,
Potassium Chloride,,,Parenteral,,,112mg per mL,20mL,,,,933f3f00,68c97553,b1a13800,,,,5fc384bf,,,
Potassium Chloride,,,Parenteral,,,150mg per mL,10mL,,,,933f3f00,68c97553,b1a13800,,,,5fe0e4bf,,,
Potassium Chloride,,,Parenteral,,,75mg per mL,10mL,,,,933f3f00,68c97553,b1a13800,,,,5fa804bf,,,
Potassium ferric hexacyano-ferrate(II) - 2H20 (Prussian blue),,,Oral,Powder for reconstitution,,2H20,,,,,933f3f00,58aec03b,d2a37c00,44a44f00,,55d9b4bf,,,,
Potassium Iodide,,,Oral,Tablet,,60mg,,,,,933f3f00,086ea27c,656d4100,d59b0000,,5e1364bf,,,,
Potassium Iodide,,,,Solution,,1mg per mL,100mL,,,,933f3f00,086ea27c,,adadd600,,,605c84bf,,,
Potassium Permanganate,,,Topical,Solution,,,,,,,933f3f00,c6a36340,6ecdc300,d6017a00,,5f62c4bf,,,,
Povidone Iodine,,,Topical,Solution,,10%,,,,,933f3f00,cc3911ac,bb2bc400,e62b7700,,60aa34bf,,,,
Praziquantel,,,Oral,Tablet,,150mg,,,,,933f3f00,f70d9203,37b85e00,fb6da900,,60ef34bf,,,,
Praziquantel,,,Oral,Tablet,,600mg,,,,,933f3f00,f70d9203,37b85e00,fb6da900,,60f2f4bf,,,,
Prednisolone,,,Eye,Drop,,0.5%,,,,,933f3f00,9ed83656,a6a33d00,74e90c00,,559f14bf,,,,
Prednisolone,,,Oral,Liquid,,5mg per mL,,,,,933f3f00,9ed83656,f739c800,df116b00,,55a274bf,,,,
Prednisolone,,,Oral,Tablet,,25mg,,,,,933f3f00,9ed83656,f739c800,85d68200,,55a884bf,,,,
Prednisolone,,,Oral,Tablet,,5mg per mL,,,,,933f3f00,9ed83656,f739c800,85d68200,,55a584bf,,,,
Primaquine,,,Oral,Tablet,,15mg,,,,,933f3f00,97840623,28139f00,a49fe600,,5de7d4bf,,,,
Primaquine,,,Oral,Tablet,,7.5mg,,,,,933f3f00,97840623,28139f00,a49fe600,,5de2a4bf,,,,
Procaine Benzylpenicillin,Penicillin G Procaine,,Parenteral,Powder for reconstitution,,1g [1000000IU],,,,,933f3f00,2637f6bd,9cd71100,da9d9000,,556ce4bf,,,,
Procaine Benzylpenicillin,Penicillin G Procaine,,Parenteral,Powder for reconstitution,,3g [3000000IU],,,,,933f3f00,2637f6bd,9cd71100,da9d9000,,557054bf,,,,
Procarbazine,,,Oral,Capsule,,50mg,,,,,933f3f00,8d3aab0e,5e061300,0d988a00,,556984bf,,,,
Progesterone,,,Vaginal,,,2.074g,,,,,933f3f00,359e452c,817d2500,,,5ec194bf,,,,
Proguanil,,,Oral,Tablet,,100mg,,,,,933f3f00,552616c8,0dfb5400,5ffcc700,,560ef4bf,,,,
Propofol,,,Parenteral,,,10mg per mL,20mL,,,,933f3f00,ee8b8a5a,4c497900,,,,5e4bd4bf,,,
Propofol,,,Parenteral,,,20mg per mL,50mL,,,,933f3f00,ee8b8a5a,4c497900,,,,5e66e4bf,,,
Propranolol,,,Oral,Tablet,,20mg,,,,,933f3f00,df65a198,034bbb00,a6679200,,5e4134bf,,,,
Propranolol,,,Oral,Tablet,,40mg,,,,,933f3f00,df65a198,034bbb00,a6679200,,5e46d4bf,,,,
Propylthiouracil,,,Oral,Tablet,,50mg,,,,,933f3f00,a2bda01a,9d300d00,88829c00,,5ffc54bf,,,,
Prostaglandin E1,Alprostadil,,Parenteral,,,0.5mg per mL,,,,,933f3f00,61b3a61d,0786ef00,,,5f2c74bf,,,,
Prostaglandin E2,Dinoprostone,,Parenteral,,,1mg per mL,,,,,933f3f00,0734ec29,b785f600,,,5f47b4bf,,,,
Protamine Sulfate,,,Parenteral,,,1mg per mL,50mL,,,,933f3f00,33886971,fb342000,,,,6077e4bf,,,
Pyrantel,,,Oral,Liquid,,50mg per mL,,,,,933f3f00,5307589e,4a826300,5d639a00,,5e7734bf,,,,
Pyrantel,,,Oral,Tablet,Chewable,250mg,,,,,933f3f00,5307589e,4a826300,525bf500,5a9ee400,5ea164bf,,,,
Pyrazinamide,,,Oral,Liquid,,30mg per mL,,,,,933f3f00,7b75ca3c,3c521700,97c47e00,,5edcb4bf,,,,
Pyrazinamide,,,Oral,Tablet,Dispersible,150mg,,,,,933f3f00,7b75ca3c,3c521700,b3c94900,44a6e800,5ee7e4bf,,,,
Pyrazinamide,,,Oral,Tablet,,150mg,,,,,933f3f00,7b75ca3c,3c521700,b3c94900,,5f0c14bf,,,,
Pyrazinamide,,,Oral,Tablet,,400mg,,,,,933f3f00,7b75ca3c,3c521700,b3c94900,,5f11b4bf,,,,
Pyrazinamide,,,Oral,Tablet,,500mg,,,,,933f3f00,7b75ca3c,3c521700,b3c94900,,292735dd,,,,
Pyridostigmine,,,Oral,Tablet,,60mg,,,,,933f3f00,3a67118c,93aca200,fda0dd00,,60e374bf,,,,
Pyridostigmine,,,Parenteral,,,1mg per mL,1mL,,,,933f3f00,3a67118c,934a0b00,,,,60eae4bf,,,
Pyridoxine,,,Oral,Tablet,,25mg,,,,,933f3f00,70e803b6,ee702c00,3ffe3f00,,55d2c4bf,,,,
Pyrimethamine,,,Oral,Tablet,,25mg,,,,,933f3f00,f35f4185,cf600600,c516b100,,5e7224bf,,,,
Pyrimethamine/Sulfadoxine,,,Oral,Tablet,,25mg/500mg,,,,,933f3f00,e01fc6e6,07f9bd00,cae58c00,,629e34bf,,,,
Quinine Bisulfate,,,Oral,Tablet,,300mg,,,,,933f3f00,863c2897,685eb000,a142b300,,60f694bf,,,,
Quinine Hydrochloride,,,Parenteral,,,600mg per mL,2mL,,,,933f3f00,d31f12b5,7e62aa00,,,,60fde4bf,,,
Quinine Sulfate,,,Oral,Tablet,,300mg,,,,,933f3f00,0f8ee8fd,7f9ec500,f82b6700,,60fa34bf,,,,
Ranitidine,,,Oral,Liquid,,15mg per mL,5mL,,,,933f3f00,23f81b2c,96ed1900,ae7b7800,,,619a04bf,,,
Ranitidine,,,Oral,Tablet,,150mg,,,,,933f3f00,23f81b2c,96ed1900,1c0c5b00,,619354bf,,,,
Ranitidine,,,Parenteral,,,25mg per mL,2mL,,,,933f3f00,23f81b2c,2d788e00,,,,619684bf,,,
Retinol,Vitamin A,,Oral,Capsule,,100000IU,,,,,933f3f00,65877a2c,bcf5ad00,c7b1bc00,,61d3f4bf,,,,
Retinol,Vitamin A,,Oral,Capsule,,200000IU,,,,,933f3f00,65877a2c,bcf5ad00,c7b1bc00,,61fe94bf,,,,
Retinol,Vitamin A,,Oral,Capsule,,50000IU,,,,,933f3f00,65877a2c,bcf5ad00,c7b1bc00,,61d0a4bf,,,,
Retinol,Vitamin A,,Oral,Liquid,,100000IU per mL,,,,,933f3f00,65877a2c,bcf5ad00,6e798f00,,61da14bf,,,,
Retinol,Vitamin A,,Oral,Tablet,,10000IU,,,,,933f3f00,65877a2c,bcf5ad00,152e1600,,61cd54bf,,,,
Retinol,Vitamin A,,Parenteral,,,50000IU per mL,2mL,,,,933f3f00,65877a2c,a6a5b200,,,,61d6f4bf,,,
Ribavirin,,,Oral,Tablet,,200mg,,,,,933f3f00,9517ea8a,0f470300,6995ba00,,610c94bf,,,,
Ribavirin,,,Oral,Tablet,,400mg,,,,,933f3f00,9517ea8a,0f470300,6995ba00,,611014bf,,,,
Ribavirin,,,Oral,Tablet,,600mg,,,,,933f3f00,9517ea8a,0f470300,6995ba00,,613db4bf,,,,
Ribavirin,,,Parenteral,,,100mg per mL, 10mL,,,,933f3f00,9517ea8a,7fec8100,,,,610914bf,,,
Ribavirin,,,Parenteral,,,80mg per mL,10mL,,,,933f3f00,9517ea8a,7fec8100,,,,614244bf,,,
Riboflavin,Riboflavine,,Oral,Tablet,,5mg,,,,,933f3f00,02dd47bd,1e459500,25620400,,610574bf,,,,
Rifabutin,,,Oral,Capsule,,150mg,,,,,933f3f00,91fba20c,5088b700,fda09e00,,6149b4bf,,,,
Rifampicin,Rifampin,,Oral,Capsule,,150mg,,,,,933f3f00,71e4d8ea,9ab4e900,6a92ab00,,615054bf,,,,
Rifampicin,Rifampin,,Oral,Capsule,,300mg,,,,,933f3f00,71e4d8ea,9ab4e900,6a92ab00,,615374bf,,,,
Rifampicin,Rifampin,,Oral,Liquid,,20mg per mL,,,,,933f3f00,71e4d8ea,9ab4e900,7852c200,,614ce4bf,,,,
Rifapentine,,,Oral,Tablet,,150mg,,,,,933f3f00,fc8f08a1,45e65100,2c6fd000,,61c9b4bf,,,,
Risperidone,,,Oral,Tablet,,1mg,,,,,933f3f00,c7f73a50,818f5300,57fcca00,,615cb4bf,,,,
Risperidone,,,Oral,Tablet,,250mcg,,,,,933f3f00,c7f73a50,818f5300,57fcca00,,615694bf,,,,
Risperidone,,,Oral,Tablet,,2mg,,,,,933f3f00,c7f73a50,818f5300,57fcca00,,615fd4bf,,,,
Risperidone,,,Oral,Tablet,,3mg,,,,,933f3f00,c7f73a50,818f5300,57fcca00,,6184d4bf,,,,
Risperidone,,,Oral,Tablet,,4mg,,,,,933f3f00,c7f73a50,818f5300,57fcca00,,6188a4bf,,,,
Risperidone,,,Oral,Tablet,,500mcg,,,,,933f3f00,c7f73a50,818f5300,57fcca00,,615994bf,,,,
Risperidone,,,Oral,Tablet,,5mg,,,,,933f3f00,c7f73a50,818f5300,57fcca00,,618ff4bf,,,,
Ritonavir,,,Oral,Liquid,,80mg per mL,5mL,,,,933f3f00,8f3cd8d6,426a0700,113cae00,,,61bc84bf,,,
Ritonavir,,,Oral,Tablet,,100mg,,,,,933f3f00,8f3cd8d6,426a0700,a420b900,,61a0d4bf,,,,
Ritonavir,,,Oral,Tablet,,25mg,,,,,933f3f00,8f3cd8d6,426a0700,a420b900,,619d84bf,,,,
Rituximab,,,Parenteral,,,10mg per mL, 10mL,,,,933f3f00,5361db95,5d609800,,,,620614bf,,,
Rituximab,,,Parenteral,,,10mg per mL,50mL,,,,933f3f00,5361db95,5d609800,,,,620984bf,,,
Salbutamol,Albuterol,,Inhalation,Aerosol pressurised,,100mcg per dose,,,,,933f3f00,53d15e38,8bdcfb00,e1b3d200,,621704bf,,,,
Salbutamol,Albuterol,,Parenteral,,,50mcg per mL,5mL,,,,933f3f00,53d15e38,6c4b4d00,,,,6213a4bf,,,
Salbutamol,Albuterol,,,,,5mg per mL,10mL,,,,933f3f00,53d15e38,,,,,621034bf,,,
Salicylic acid,,,Topical,Solution,,5%,,,,,933f3f00,1b44405b,9830dc00,617c2f00,,620ce4bf,,,,
Saquinavir,SQV,,Oral,Capsule,,200mg,,,,,933f3f00,c4bf0827,0ea63600,1c042100,,6395e4bf,,,,
Selenium Sulfide,,,Topical,Suspension,,2%,,,,,933f3f00,67cd3cbc,c297da00,251ba300,,62a1e4bf,,,,
Senna,Sennoside,,Oral,Liquid,,1.5mg per mL,5mL,,,,933f3f00,083e766d,43bf3500,0acf5700,,,624c24bf,,,
Senna,Sennoside,,Oral,Tablet,,7.5mg,,,,,933f3f00,083e766d,43bf3500,b14cbe00,,627034bf,,,,
Silver Sulfadiazine,Sulfadiazine Silver,,Topical,Cream,,1%,,,,,933f3f00,80d40c7f,d8308900,cceb4b00,,627bf4bf,,,,
Simeprevir,,,Oral,Capsule,,150mg,,,,,933f3f00,fa68b954,fbc8e200,864c1d00,,639054bf,,,,
Simvastatin,,,Oral,Tablet,,10mg,,,,,933f3f00,53c8cd1e,116e6c00,a0037f00,,630bc4bf,,,,
Simvastatin,,,Oral,Tablet,,20mg,,,,,933f3f00,53c8cd1e,116e6c00,a0037f00,,6310a4bf,,,,
Simvastatin,,,Oral,Tablet,,40mg,,,,,933f3f00,53c8cd1e,116e6c00,a0037f00,,631744bf,,,,
Simvastatin,,,Oral,Tablet,,5mg,,,,,933f3f00,53c8cd1e,116e6c00,a0037f00,,630474bf,,,,
Sodium Calcium Edetate,,,Parenteral,,,200mg per mL,5mL,,,,933f3f00,5fa3edb1,4745f100,,,,62a544bf,,,
Sodium Chloride,,,Parenteral,Solution,,0.9%,,,,,933f3f00,9cdb6f5b,aed0f000,66ebf300,,53d544bf,,,,
Sodium Hydrogen Carbonate,Sodium Bicarbonate,,Parenteral,Solution,,1.4%,,,,,933f3f00,d0328287,6266ea00,e03cb400,,53dfc4bf,,,,
Sodium Hydrogen Carbonate,Sodium Bicarbonate,,Parenteral,,,84mg per mL [8.4%],10mL,,,,933f3f00,d0328287,6266ea00,e03cb400,,,53e4d4bf,,,
Sodium Nitrite,,,Parenteral,,,30mg per mL,10mL,,,,933f3f00,a4773538,26b8a700,,,,62b254bf,,,
Sodium Nitroprusside,Nitroprusside Sodium,,Parenteral,Powder for reconstitution,,50mg,,,,,933f3f00,907a1f76,66d0ce00,9be45900,,6321d4bf,,,,
Sodium Stibogluconate,,,Parenteral,,,100mg per mL,30mL,,,,933f3f00,3fdbdc02,8c95b800,,,,639b54bf,,,
Sodium Thiosulfate,,,Parenteral,,,250mg per mL,50mL,,,,933f3f00,5e23862d,babd9b00,,,,62be24bf,,,
Sodium Thiosulfate,,,Topical,Solution,,15%,,,,,933f3f00,5e23862d,1f91f200,5330ed00,,623644bf,,,,
Sofosbuvir,,,Oral,Tablet,,400mg,,,,,933f3f00,4ad5f0fd,01fffc00,c88ecf00,,627f54bf,,,,
Spectinomycin,,,Parenteral,Powder for reconstitution,,2g,,,,,933f3f00,7deb52e8,ebee5600,4cabc100,,635074bf,,,,
Spironolactone,,,Oral,Liquid,,1mg per mL,5mL,,,,933f3f00,2db5ef94,39df8000,f4004300,,,636054bf,,,
Spironolactone,,,Oral,Liquid,,2mg per mL,5mL,,,,933f3f00,2db5ef94,39df8000,f4004300,,,635694bf,,,
Spironolactone,,,Oral,Liquid,,5mg per mL,5mL,,,,933f3f00,2db5ef94,39df8000,f4004300,,,635b84bf,,,
Spironolactone,,,Oral,Tablet,,25mg,,,,,933f3f00,2db5ef94,39df8000,3069fa00,,636544bf,,,,
Stavudine,d4T,,Oral,Capsule,,15mg,,,,,933f3f00,609d0edb,bce1a400,9089d700,,6242a4bf,,,,
Stavudine,d4T,,Oral,Capsule,,20mg,,,,,933f3f00,609d0edb,bce1a400,9089d700,,624614bf,,,,
Stavudine,d4T,,Oral,Capsule,,30mg,,,,,933f3f00,609d0edb,bce1a400,9089d700,,624934bf,,,,
Stavudine,d4T,,Oral,Liquid,,1mg per mL,5mL,,,,933f3f00,609d0edb,bce1a400,0b0f0f00,,,623ec4bf,,,
Streptokinase,,,Parenteral,Powder for reconstitution,,1500000IU,,,,,933f3f00,954ee3fe,6ac8d500,5cd84400,,63ceb4bf,,,,
Streptomycin,,,Parenteral,Powder for reconstitution,,1g,,,,,933f3f00,99b604b4,5325f700,fac8de00,,632834bf,,,,
Succimer,"DMSA, Dimercaptosuccinic Acid",,Oral,Capsule,,100mg,,,,,933f3f00,7828b172,943c2900,86ce4800,,63f4b4bf,,,,
Sulfadiazine,,,Oral,Tablet,,500mg,,,,,933f3f00,d9cefc28,2253eb00,e60f0200,,6282f4bf,,,,
Sulfamethoxazole/Trimethoprim,Co-Trimoxazole,,Oral,Liquid,,40mg/8mg per mL,5mL,,,,933f3f00,c185e614,b81e1f00,f1359100,,,642184bf,,,
Sulfamethoxazole/Trimethoprim,Co-Trimoxazole,,Oral,Tablet,,100mg/20mg,,,,,933f3f00,c185e614,b81e1f00,3e806600,,641c44bf,,,,
Sulfamethoxazole/Trimethoprim,Co-Trimoxazole,,Oral,Tablet,,400mg/80mg,,,,,933f3f00,c185e614,b81e1f00,3e806600,,642694bf,,,,
Sulfamethoxazole/Trimethoprim,Co-Trimoxazole,,Oral,Tablet,,800mg/160mg,,,,,933f3f00,c185e614,b81e1f00,3e806600,,6473b4bf,,,,
Sulfamethoxazole/Trimethoprim,Co-Trimoxazole,,Parenteral,,,16mg/3.2mg per mL,5mL,,,,933f3f00,c185e614,b9589300,,,,645124bf,,,
Sulfamethoxazole/Trimethoprim,Co-Trimoxazole,,Parenteral,,,8mg/1.6mg per mL,10mL,,,,933f3f00,c185e614,b9589300,,,,6456c4bf,,,
Sulfasalazine,,,Oral,Tablet,,500mg,,,,,933f3f00,55b6735e,65a10a00,3b63a500,,63c474bf,,,,
Sulfasalazine,,,Rectal,Liquid,,30mg per mL,100mL,,,,933f3f00,55b6735e,9a47d400,8d174700,,,63b934bf,,,
Sulfasalazine,,,Rectal,Suppository,,500mg,,,,,933f3f00,55b6735e,9a47d400,7634ee00,,63be84bf,,,,
Suramin sodium,,,Parenteral,Powder for reconstitution,,1g,,,,,933f3f00,79533d05,a637f900,c41ad800,,62b944bf,,,,
Surgical Mask,,,,,,,,,,,77fcbb00,098885da,,,,,,,,
Suxamethonium,"Succinylcholine, Suxamthonium Chloride",,Parenteral,,,50mg per mL,2mL,,,,933f3f00,b05302ba,10ae3b00,,,,63fa14bf,,,
Syringe disposable,,,,,,1mL,,,,,77fcbb00,a8af4dce,,,,615f7cdc,,,,
Syringe disposable,,,,,,5mL,,,,,77fcbb00,a8af4dce,,,,dd586cdc,,,,
Tamoxifen,,,Oral,Tablet,,10mg,,,,,933f3f00,07647bc5,19a68d00,0d1f1c00,,66a554bf,,,,
Tamoxifen,,,Oral,Tablet,,25mg,,,,,933f3f00,07647bc5,19a68d00,0d1f1c00,,66d964bf,,,,
Tenofovir Disoproxil Fumarate,TDF,,Oral,Tablet,,300mg,,,,,933f3f00,dc841f56,8bb16f00,d98b6400,,653ec4bf,,,,
Terbinafine,,,Topical,Cream,,1%,,,,,933f3f00,6e3b7e38,118c9700,2214fe00,,647904bf,,,,
Terbinafine,,,Topical,Ointment,,1%,,,,,933f3f00,6e3b7e38,118c9700,f6d7c900,,647df4bf,,,,
Testosterone Enanthate,,,Parenteral,,,200mg per mL,1mL,,,,933f3f00,4f43f676,d57b6800,d2cc8b00,,,64d064bf,,,
Tetracaine,Amethocaine,,Eye,Drop,,0.5%,,,,,933f3f00,85be79af,ff252200,3d375d00,,6676c4bf,,,,
Tetracycline,,,Eye,Drop,,1%,,,,,933f3f00,573c2c72,a9acac00,a048bf00,,650f14bf,,,,
Thiamine,Vitamin B1,,Oral,Tablet,,50mg,,,,,933f3f00,47ebe523,f8808600,6bb53100,,6560b4bf,,,,
Timolol,,,Eye,Drop,,0.25%,,,,,933f3f00,61c5d25a,0e833000,e0d53300,,658294bf,,,,
Timolol,,,Eye,Drop,,0.5%,,,,,933f3f00,61c5d25a,0e833000,e0d53300,,656604bf,,,,
Tioguanine,Thioguanine,,Oral,Tablet,,40mg,,,,,933f3f00,0ac56303,29ab2a00,3fc54500,,654404bf,,,,
Tranexamic Acid,,,Parenteral,,,100mg per mL, 10mL,,,,933f3f00,d0e483ee,9ba2f400,,,,65c144bf,,,
Trastuzumab,,,Parenteral,Powder for reconstitution,,150mg,,,,,933f3f00,62c7df6d,,,,65e6e4bf,,,,
Trastuzumab,,,Parenteral,Powder for reconstitution,,400mg,,,,,933f3f00,62c7df6d,,,,1ca24554,,,,
Tretinoin,"ATRA, All-Trans Tetinoic Acid",,Oral,Capsule,,10mg,,,,,933f3f00,e79bbe61,5d85e700,eb1b9900,,36e4c4bf,,,,
Triclabendazole,,,Oral,Tablet,,250mg,,,,,933f3f00,3217b037,8beff800,f5aedb00,,64ca94bf,,,,
Trimethoprim,,,Oral,Liquid,,10mg per mL,5mL,,,,933f3f00,60729a62,c3be3200,67ac2d00,,,6620a4bf,,,
Trimethoprim,,,Oral,Tablet,,100mg,,,,,933f3f00,60729a62,c3be3200,c18e3c00,,663d84bf,,,,
Trimethoprim,,,Oral,Tablet,,200mg,,,,,933f3f00,60729a62,c3be3200,c18e3c00,,665a34bf,,,,
Tropicamide,,,Eye,Drop,,0.5%,,,,,933f3f00,327df6eb,92e40f00,71ee9600,,6603d4bf,,,,
Urea,,,Topical,Cream,,5%,,,,,933f3f00,1f3b9b3c,0bab0100,09e1c000,,66e944bf,,,,
Urea,,,Topical,Cream,,10%,,,,,933f3f00,1f3b9b3c,0bab0100,09e1c000,,66f494bf,,,,
Urea,,,Topical,Ointment,,5%,,,,,933f3f00,1f3b9b3c,0bab0100,5cf98300,,66ef44bf,,,,
Urea,,,Topical,Ointment,,10%,,,,,933f3f00,1f3b9b3c,0bab0100,5cf98300,,66f994bf,,,,
Valganciclovir,,,Oral,Tablet,,450mg,,,,,933f3f00,cf6f0432,6a7e3a00,5d8c1500,,6710f4bf,,,,
Valproic Acid,"Sodium Valproate, Valproate Sodium",,Oral,Liquid,,40mg per mL,5mL,,,,933f3f00,2458cea3,a18e8400,6f311e00,,,672614bf,,,
Valproic Acid,"Sodium Valproate, Valproate Sodium",,Oral,Tablet,Crushable,100mg,,,,,933f3f00,2458cea3,a18e8400,2e033700,,6720d4bf,,,,
Valproic Acid,"Sodium Valproate, Valproate Sodium",,Oral,Tablet,,200mg,,,,,933f3f00,2458cea3,a18e8400,2e033700,,672964bf,,,,
Valproic Acid,"Sodium Valproate, Valproate Sodium",,Oral,Tablet,,500mg,,,,,933f3f00,2458cea3,a18e8400,2e033700,,672d04bf,,,,
Valproic Acid,"Sodium Valproate, Valproate Sodium",,Parenteral,,,100mg per mL, 10mL,,,,933f3f00,2458cea3,f8788800,,,,671bc4bf,,,
Valproic Acid,"Sodium Valproate, Valproate Sodium",,Parenteral,,,100mg per mL,4mL,,,,933f3f00,2458cea3,f8788800,,,,671694bf,,,
Vancomycin,,,Parenteral,Powder for reconstitution,,250mg,,,,,933f3f00,6d2d18eb,46552b00,0f0b4200,,66fe94bf,,,,
Vecuronium,,,Parenteral,Powder for reconstitution,,10mg,,,,,933f3f00,ba8cc591,ce04fd00,b5c3cc00,,6708b4bf,,,,
Verapamil,,,Oral,Tablet,Immediate-release,40mg,,,,,933f3f00,6331f543,ca50a600,dec4d100,77fcbb00,673c04bf,,,,
Verapamil,,,Oral,Tablet,Immediate-release,80mg,,,,,933f3f00,6331f543,ca50a600,dec4d100,77fcbb00,673f04bf,,,,
Verapamil,,,Parenteral,,,2.5mg per mL,2mL,,,,933f3f00,6331f543,40835f00,,,,673914bf,,,
Vinblastine,,,Parenteral,Powder for reconstitution,,10mg,,,,,933f3f00,3fa0e1a9,fbd45000,76854a00,,673004bf,,,,
Vincristine,,,Parenteral,Powder for reconstitution,,1mg,,,,,933f3f00,fdf2abcc,e9b6e500,ec4e1400,,673324bf,,,,
Vincristine,,,Parenteral,Powder for reconstitution,,5mg,,,,,933f3f00,fdf2abcc,e9b6e500,ec4e1400,,673614bf,,,,
Vinorelbine,,,Parenteral,,,10mg per mL,1mL,,,,933f3f00,41f185be,e26d2e00,,,,6741f4bf,,,
Vinorelbine,,,Parenteral,,,10mg per mL,5mL,,,,933f3f00,41f185be,e26d2e00,,,,674534bf,,,
Warfarin,,,Oral,Tablet,,0.5mg,,,,,933f3f00,4e634a22,928f3900,6c151800,,675a24bf,,,,
Warfarin,,,Oral,Tablet,,1mg,,,,,933f3f00,4e634a22,928f3900,6c151800,,675d44bf,,,,
Warfarin,,,Oral,Tablet,,2mg,,,,,933f3f00,4e634a22,928f3900,6c151800,,676054bf,,,,
Warfarin,,,Oral,Tablet,,3mg,,,,,933f3f00,4e634a22,928f3900,6c151800,,4800543e,,,,
Warfarin,,,Oral,Tablet,,5mg,,,,,933f3f00,4e634a22,928f3900,6c151800,,676354bf,,,,
Xylometazoline,,,Nasal,Spray,,0.05%,,,,,933f3f00,6f72387f,d1bf7b00,ba0c5200,,6766a4bf,,,,
Zidovudine,"ZDV, AZT",,Oral,Capsule,,100mg,,,,,933f3f00,02ac6c47,274d5c00,c626af00,,6773e4bf,,,,
Zidovudine,"ZDV, AZT",,Oral,Capsule,,250mg,,,,,933f3f00,02ac6c47,274d5c00,c626af00,,6776f4bf,,,,
Zidovudine,"ZDV, AZT",,Oral,Liquid,,10mg per mL,5mL,,,,933f3f00,02ac6c47,274d5c00,aaa6b600,,,6770b4bf,,,
Zidovudine,"ZDV, AZT",,Oral,Tablet,,300mg,,,,,933f3f00,02ac6c47,274d5c00,ea02a100,,677a04bf,,,,
Zidovudine,"ZDV, AZT",,Parenteral,,,10mg per mL,20mL,,,,933f3f00,02ac6c47,e541cd00,,,,676cd4bf,,,
Zinc Sulfate,,,Oral,Tablet,Dispersible,20mg,,,,,933f3f00,5d4cf661,d55ae000,c70e2300,,677cf4bf,,,,
Dolutegravir,,,,,,,,,,,933f3f00,94c7fd10,,,,,,,,
Emtricitabine,,,,,,,,,,,933f3f00,14264mmh,,,,,,,,
Estradiol Cypionate,,,,,,,,,,,933f3f00,3ah96800,,,,,,,,
Ethinylestradiol,Ethinyl Estradiol,,,,,,,,,,933f3f00,906aj900,,,,,,,,
Norethisterone,,,,,,,,,,,933f3f00,422942rn,,,,,,,,
Mifepristone,,,,,,,,,,,933f3f00,0gp48089,,,,,,,,
